-- MySQL dump 10.13  Distrib 8.0.40, for Linux (x86_64)
--
-- Host: localhost    Database: base_admin
-- ------------------------------------------------------
-- Server version	8.0.40-0ubuntu0.22.04.1

/*!40101 SET @OLD_CHARACTER_SET_CLIENT=@@CHARACTER_SET_CLIENT */;
/*!40101 SET @OLD_CHARACTER_SET_RESULTS=@@CHARACTER_SET_RESULTS */;
/*!40101 SET @OLD_COLLATION_CONNECTION=@@COLLATION_CONNECTION */;
/*!50503 SET NAMES utf8mb4 */;
/*!40103 SET @OLD_TIME_ZONE=@@TIME_ZONE */;
/*!40103 SET TIME_ZONE='+00:00' */;
/*!40014 SET @OLD_UNIQUE_CHECKS=@@UNIQUE_CHECKS, UNIQUE_CHECKS=0 */;
/*!40014 SET @OLD_FOREIGN_KEY_CHECKS=@@FOREIGN_KEY_CHECKS, FOREIGN_KEY_CHECKS=0 */;
/*!40101 SET @OLD_SQL_MODE=@@SQL_MODE, SQL_MODE='NO_AUTO_VALUE_ON_ZERO' */;
/*!40111 SET @OLD_SQL_NOTES=@@SQL_NOTES, SQL_NOTES=0 */;

--
-- Table structure for table `adas_move_cases`
--

DROP TABLE IF EXISTS `adas_move_cases`;
/*!40101 SET @saved_cs_client     = @@character_set_client */;
/*!50503 SET character_set_client = utf8mb4 */;
CREATE TABLE `adas_move_cases` (
  `id` int unsigned NOT NULL AUTO_INCREMENT COMMENT 'id',
  `case_id` varchar(50) CHARACTER SET utf8mb3 COLLATE utf8mb3_general_ci DEFAULT NULL COMMENT 'case_id',
  `scenario_editor_name` varchar(150) CHARACTER SET utf8mb3 COLLATE utf8mb3_general_ci DEFAULT NULL COMMENT 'scenario_name',
  `scenario_editor_id` varchar(255) CHARACTER SET utf8mb3 COLLATE utf8mb3_general_ci DEFAULT NULL COMMENT 'scenario_editor_id',
  `choice_laws` varchar(150) CHARACTER SET utf8mb3 COLLATE utf8mb3_general_ci DEFAULT NULL COMMENT '法规选择',
  `select_case` varchar(255) CHARACTER SET utf8mb3 COLLATE utf8mb3_general_ci DEFAULT NULL COMMENT '测试用例',
  `remark` varchar(50) CHARACTER SET utf8mb3 COLLATE utf8mb3_general_ci DEFAULT NULL COMMENT 'remark',
  `remark1` varchar(50) CHARACTER SET utf8mb3 COLLATE utf8mb3_general_ci DEFAULT NULL COMMENT 'remark1',
  `remark2` varchar(50) CHARACTER SET utf8mb3 COLLATE utf8mb3_general_ci DEFAULT NULL COMMENT 'remark2',
  `create_time` datetime DEFAULT NULL COMMENT '创建时间',
  `update_time` datetime DEFAULT NULL COMMENT '修改时间',
  PRIMARY KEY (`id`) USING BTREE
) ENGINE=InnoDB AUTO_INCREMENT=199 DEFAULT CHARSET=utf8mb3 ROW_FORMAT=COMPACT COMMENT='adas_用例表';
/*!40101 SET character_set_client = @saved_cs_client */;

--
-- Dumping data for table `adas_move_cases`
--

LOCK TABLES `adas_move_cases` WRITE;
/*!40000 ALTER TABLE `adas_move_cases` DISABLE KEYS */;
INSERT INTO `adas_move_cases` VALUES (17,NULL,NULL,'ee0632e6d6934d8282866bea6cb62e0c','E-NCAP2023','C2M_AEB_CMRs-50_10_0_ENCAP',NULL,NULL,NULL,'2023-12-05 14:18:39','2023-12-05 14:18:39'),(18,NULL,NULL,'4a9fc949bf494f1aa8d9763725f28d8d','E-NCAP2023','C2M_FCW_CMRs-50_30_0_ENCAP',NULL,NULL,NULL,'2023-12-05 14:19:17','2023-12-05 14:19:17'),(19,NULL,NULL,'4a9fc949bf494f1aa8d9763725f28d8d','E-NCAP2023','C2M_FCW_CMRs-50_30_0_E-NCAP',NULL,NULL,NULL,'2023-12-05 14:30:42','2023-12-05 14:30:42'),(20,NULL,NULL,'ee0632e6d6934d8282866bea6cb62e0c','E-NCAP2023','C2M_AEB_CMRs-50_10_0_E-NCAP',NULL,NULL,NULL,'2023-12-05 14:31:22','2023-12-05 14:31:22'),(21,NULL,NULL,'5a17faec93734f2dba4b7de2c571ee7a','E-NCAP2023','C2M_AEB_CMFtap-_50_10_30_E-NCAP',NULL,NULL,NULL,'2023-12-08 11:38:55','2023-12-08 11:38:55'),(22,NULL,NULL,'c7e75e9f7b794ef1855d684bf1fc2a30','E-NCAP2023','C2M_AEB_CMFtap-_50_10_45_E-NCAP',NULL,NULL,NULL,'2023-12-08 11:39:23','2023-12-08 11:39:23'),(23,NULL,NULL,'0f02cec8462a4900b387ee83629249ed','E-NCAP2023','C2M_AEB_CMFtap-_50_10_60_E-NCAP',NULL,NULL,NULL,'2023-12-08 11:39:41','2023-12-08 11:39:41'),(24,NULL,NULL,'c65c299059b14e71994667ada8324780','E-NCAP2023','C2M_AEB_CMFtap-_50_15_30_E-NCAP',NULL,NULL,NULL,'2023-12-08 11:40:07','2023-12-08 11:40:07'),(25,NULL,NULL,'986a400612e34f7193b33bc7185b4410','E-NCAP2023','C2M_AEB_CMFtap_50_15_45_E-NCAP',NULL,NULL,NULL,'2023-12-08 11:40:32','2023-12-08 11:40:32'),(26,NULL,NULL,'94dda998587c4cefa937cb62f074ea52','E-NCAP2023','C2M_AEB_CMFtap_50_15_60_E-NCAP',NULL,NULL,NULL,'2023-12-08 11:40:51','2023-12-08 11:40:51'),(27,NULL,NULL,'852d584893474cdf91d52bb049cd2dff','E-NCAP2023','C2M_AEB_CMFtap_50_20_30_E-NCAP',NULL,NULL,NULL,'2023-12-08 11:41:13','2023-12-08 11:41:13'),(28,NULL,NULL,'3df1e5aab76f47b6abae26d5504c052f','E-NCAP2023','C2M_AEB_CMFtap_50_20_45_E-NCAP',NULL,NULL,NULL,'2023-12-08 11:41:28','2023-12-08 11:41:28'),(29,NULL,NULL,'57e0b183361a4d7e86cf88243b48768e','E-NCAP2023','C2M_AEB_CMFtap_50_20_60_E-NCAP',NULL,NULL,NULL,'2023-12-08 11:41:44','2023-12-08 11:41:44'),(30,NULL,NULL,'32816af7a6914fd0a10f71d3e3d90e29','E-NCAP2023','C2M_LSS_CMoncoming-10_72_0.2_72_E-NCAP',NULL,NULL,NULL,'2023-12-08 14:12:52','2023-12-08 14:12:52'),(31,NULL,NULL,'d8824ac4bb5e485fbe863cd00aa2ec2d','E-NCAP2023','C2M_LSS_CMovertaking_intentional_50_0.5_60_E-NCAP',NULL,NULL,NULL,'2023-12-08 15:12:31','2023-12-08 15:12:31'),(32,NULL,NULL,'2fc5ceee85d841bfb0e8413450d17dff','E-NCAP2023','C2M_LSS_CMovertaking_intentional_72_0.5_80_E-NCAP',NULL,NULL,NULL,'2023-12-08 15:17:00','2023-12-08 15:17:00'),(33,NULL,NULL,'d4bf23a015d4491d850678b9a8570b49','E-NCAP2023','C2M_FCW_CMRb-25_50_12_50_-4_E-NCAP',NULL,NULL,NULL,'2023-12-11 11:54:01','2023-12-11 11:54:01'),(34,NULL,NULL,'1a67adee15f041cf98883408cd6de816','E-NCAP2023','C2M_AEB_CMRb-25_50_12_50_-4_E-NCAP',NULL,NULL,NULL,'2023-12-11 11:54:28','2023-12-11 11:54:28'),(35,NULL,NULL,'ddd1807a2f344ad8b50fe36627f2629f','E-NCAP2023','C2P_AEB_CPNCO_50_10_5_E-NCAP',NULL,NULL,NULL,'2023-12-11 11:59:44','2023-12-11 11:59:44'),(36,NULL,NULL,'ddd1807a2f344ad8b50fe36627f2629f','E-NCAP2023','C2P_AEB_CPNCO-50_10_5_E-NCAP',NULL,NULL,NULL,'2023-12-12 13:56:53','2023-12-12 13:56:53'),(37,NULL,NULL,'ddd1807a2f344ad8b50fe36627f2629f','E-NCAP2023','C2P_AEB_CPNCO-50_15_5_E-NCAP',NULL,NULL,NULL,'2023-12-14 10:23:25','2023-12-14 10:23:25'),(38,NULL,NULL,'81f41406330941b99cfbf9cae8cbac0a','E-NCAP2023','C2M_AEB_CMRb-25_50_40_50_-4_E-NCAP',NULL,NULL,NULL,'2023-12-11 14:28:14','2023-12-11 14:28:14'),(39,NULL,NULL,'cbd675a938d64ebd918346acc99c5345','E-NCAP2023','C2M_FCW_CMRb-25_50_40_50_-4_E-NCAP',NULL,NULL,NULL,'2023-12-11 14:32:36','2023-12-11 14:32:36'),(40,NULL,NULL,'94dda998587c4cefa937cb62f074ea52','E-NCAP2023','C2M_AEB_CMFtap-50_15_60',NULL,NULL,NULL,'2023-12-11 14:49:26','2023-12-11 14:49:26'),(41,NULL,NULL,'94dda998587c4cefa937cb62f074ea52','E-NCAP2023','C2M_AEB_CMFtap-50_15_60_E_NCAP',NULL,NULL,NULL,'2023-12-11 14:55:04','2023-12-11 14:55:04'),(42,NULL,NULL,'98ac7fa7f68444fa858c8c45e7dcaf68','C-NCAP 2021 AEB','C2M_AEB_CMFtap-50_15_60_E-NCAP',NULL,NULL,NULL,'2023-12-12 10:10:25','2023-12-12 10:10:25'),(43,NULL,NULL,'0dd1d68c77044535a1bfb06e24f6c49c','E-NCAP2023','C2M_AEB_CMFtap-50_10_45_E-NCAP',NULL,NULL,NULL,'2023-12-12 16:01:25','2023-12-12 16:01:25'),(44,NULL,NULL,'e3c58f2140a244838e2d06d0dc711479','E-NCAP2023','C2M_AEB_CMFtap-50_10_60_E-NCAP',NULL,NULL,NULL,'2023-12-12 16:06:39','2023-12-12 16:06:39'),(45,NULL,NULL,'f6c23e5ac64b486284d2b6a159e282b7','E-NCAP2023','C2M_AEB_CMFtap-50_15_30_E-NCAP',NULL,NULL,NULL,'2023-12-12 16:11:46','2023-12-12 16:11:46'),(46,NULL,NULL,'dc918487d74c48e5bd14077880bb3426','E-NCAP2023','C2M_AEB_CMFtap-50_15_45_E-NCAP',NULL,NULL,NULL,'2023-12-12 16:18:16','2023-12-12 16:18:16'),(47,NULL,NULL,'c90a26121ff64928a33ce7624c4b6c15','E-NCAP2023','C2M_AEB_CMFtap-50_20_30_E-NCAP',NULL,NULL,NULL,'2023-12-12 17:36:47','2023-12-12 17:36:47'),(48,NULL,NULL,'26cbf6e99f3546a18ec996a1522e54fb','E-NCAP2023','C2M_AEB_CMFtap-50_20_45_E-NCAP',NULL,NULL,NULL,'2023-12-12 17:48:16','2023-12-12 17:48:16'),(49,NULL,NULL,'e48f3f88c70f48dbb69e2aa3698e5f5a','E-NCAP2023','C2P_AEB_CPFA-50_10_8_E-NCAP',NULL,NULL,NULL,'2024-03-25 19:06:17','2024-03-25 19:06:17'),(50,NULL,NULL,'0e25f73d30444a3fb5fe8f4d463d981d','E-NCAP2023','C2M_AEB_CMFtap-50_20_60_E-NCAP',NULL,NULL,NULL,'2023-12-12 17:51:06','2023-12-12 17:51:06'),(51,NULL,NULL,'ec5cbddf54c84919b2be79280af2eda3','E-NCAP2023','C2P_AEB_CPFA-50_15_8_E-NCAP',NULL,NULL,NULL,'2023-12-18 15:13:38','2023-12-18 15:13:38'),(52,NULL,NULL,'9240e4c8bd1d4ebca706169428bcec87','E-NCAP2023','C2P_AEB_CPFA-50_20_8_E-NCAP',NULL,NULL,NULL,'2023-12-18 15:17:31','2023-12-18 15:17:31'),(53,NULL,NULL,'5e1a4523002b4e21933caf4ffa950d9c','E-NCAP2023','C2P_AEB_CPFA-50_25_8_E-NCAP',NULL,NULL,NULL,'2023-12-18 15:19:33','2023-12-18 15:19:33'),(54,NULL,NULL,'e45900084f9642c69e77cebbb752e088','E-NCAP2023','C2P_AEB_CPFA-50_30_8_E-NCAP',NULL,NULL,NULL,'2023-12-18 15:21:42','2023-12-18 15:21:42'),(55,NULL,NULL,'b9fc335f05664ff1b9561b04b37aa294','E-NCAP2023','C2P_AEB_CPFA-50_35_8_E-NCAP',NULL,NULL,NULL,'2023-12-18 15:23:07','2023-12-18 15:23:07'),(56,NULL,NULL,'ddd1807a2f344ad8b50fe36627f2629f','E-NCAP2023','C2P_AEB_CPNCO-50_20_5_E-NCAP',NULL,NULL,NULL,'2023-12-14 10:56:01','2023-12-14 10:56:01'),(57,NULL,NULL,'ddd1807a2f344ad8b50fe36627f2629f','E-NCAP2023','C2P_AEB_CPNCO-50_25_5_E-NCAP',NULL,NULL,NULL,'2023-12-14 11:04:53','2023-12-14 11:04:53'),(58,NULL,NULL,'ddd1807a2f344ad8b50fe36627f2629f','E-NCAP2023','C2P_AEB_CPNCO-50_30_5_E-NCAP',NULL,NULL,NULL,'2023-12-14 11:22:56','2023-12-14 11:22:56'),(59,NULL,NULL,'ddd1807a2f344ad8b50fe36627f2629f','E-NCAP2023','C2P_AEB_CPNCO-50_35_5_E-NCAP',NULL,NULL,NULL,'2023-12-14 11:31:54','2023-12-14 11:31:54'),(60,NULL,NULL,'7ae1bb5bb0a04c4b9efc9eecaed32489','E-NCAP2023','C2P_AEB_CPFA-50_40_8_E-NCAP',NULL,NULL,NULL,'2023-12-18 15:24:34','2023-12-18 15:24:34'),(61,NULL,NULL,'dea4ec027ff94229ab7db0e29b7a9d6d','E-NCAP2023','C2P_AEB_CPFA-50_45_8_E-NCAP',NULL,NULL,NULL,'2023-12-18 15:37:37','2023-12-18 15:37:37'),(62,NULL,NULL,'ef567ce2364a458b9ef964f5757546d0','E-NCAP2023','C2P_AEB_CPFA-50_50_8_E-NCAP',NULL,NULL,NULL,'2023-12-18 15:39:29','2023-12-18 15:39:29'),(63,NULL,NULL,'0b20b3ebf567405ebce1899cbd3e153a','E-NCAP2023','C2P_AEB_CPFA-50_55_8_E-NCAP',NULL,NULL,NULL,'2023-12-18 15:40:47','2023-12-18 15:40:47'),(64,NULL,NULL,'2bb7937ad9644e97ae335da64a903d4f','E-NCAP2023','C2P_AEB_CPFA-50_60_8_E-NCAP',NULL,NULL,NULL,'2023-12-18 14:39:45','2023-12-18 14:39:45'),(65,NULL,NULL,'27cba80dc7974fc6901e71f4f516705c','E-NCAP2023','C2P_AEB_CPFA-50_10_8_night_E-NCAP',NULL,NULL,NULL,'2023-12-18 14:46:37','2023-12-18 14:46:37'),(66,NULL,NULL,'ddd1807a2f344ad8b50fe36627f2629f','E-NCAP2023','C2P_AEB_CPNCO-50_35_5_night_E-NCAP',NULL,NULL,NULL,'2023-12-14 13:46:08','2023-12-14 13:46:08'),(67,NULL,NULL,'ddd1807a2f344ad8b50fe36627f2629f','E-NCAP2023','C2P_AEB_CPNCO-50_10_5_night_E-NCAP',NULL,NULL,NULL,'2023-12-14 13:46:32','2023-12-14 13:46:32'),(68,NULL,NULL,'f3cbcc6d63884108845a8a22e588c09c','E-NCAP2023','C2P_AEB_CPNA-25_10_5_E-NCAP',NULL,NULL,NULL,'2023-12-18 15:53:23','2023-12-18 15:53:23'),(69,NULL,NULL,'c817589462d249eebc1e0ade8139f901','E-NCAP2023','C2P_AEB_CPNA-25_15_5_E-NCAP',NULL,NULL,NULL,'2023-12-18 15:58:30','2023-12-18 15:58:30'),(70,NULL,NULL,'a234e926360f419dbed34c67dea637b2','E-NCAP2023','C2P_AEB_CPNA-25_20_5_E-NCAP',NULL,NULL,NULL,'2023-12-18 16:21:25','2023-12-18 16:21:25'),(71,NULL,NULL,'0619071d82b147abbd16ccf7556c4988','E-NCAP2023','C2P_AEB_CPNA-25_25_5_E-NCAP',NULL,NULL,NULL,'2023-12-18 16:24:09','2023-12-18 16:24:09'),(72,NULL,NULL,'6e58931f8dba4c95af72dfcc7a1984de','E-NCAP2023','C2P_AEB_CPNA-25_30_5_E-NCAP',NULL,NULL,NULL,'2023-12-18 16:26:58','2023-12-18 16:26:58'),(73,NULL,NULL,'c029c20f6347468db43813c7ebe7ce11','E-NCAP2023','C2P_AEB_CPNA-25_35_5_E-NCAP',NULL,NULL,NULL,'2023-12-18 16:37:12','2023-12-18 16:37:12'),(74,NULL,NULL,'ad6da5c7ebb747d3be93c39d2f52b436','E-NCAP2023','C2P_AEB_CPLA-50_20_5_night_E-NCAP',NULL,NULL,NULL,'2023-12-16 14:05:31','2023-12-16 14:05:31'),(75,NULL,NULL,'ad6da5c7ebb747d3be93c39d2f52b436','E-NCAP2023','C2P_AEB_CPLA-50_20_5_E-NCAP',NULL,NULL,NULL,'2023-12-16 13:42:12','2023-12-16 13:42:12'),(76,NULL,NULL,'8c4e354745014afaad781a176ee458cc','E-NCAP2023','C2P_AEB_CPNA-25_40_5_E-NCAP',NULL,NULL,NULL,'2023-12-18 16:34:04','2023-12-18 16:34:04'),(77,NULL,NULL,'997ff7efcea24e1a8ce1108938d47c8b','E-NCAP2023','C2B_AEB_CBFA-50_10_20_Euro NCAP 2023',NULL,NULL,NULL,'2023-12-19 10:27:50','2023-12-19 10:27:50'),(78,NULL,NULL,'997ff7efcea24e1a8ce1108938d47c8b','E-NCAP2023','C2B001',NULL,NULL,NULL,'2023-12-15 09:32:48','2023-12-15 09:32:48'),(79,NULL,NULL,'997ff7efcea24e1a8ce1108938d47c8b','E-NCAP2023','C2B_AEB_CBFA-50_10_20_ENCAP',NULL,NULL,NULL,'2023-12-15 09:35:38','2023-12-15 09:35:38'),(80,NULL,NULL,'997ff7efcea24e1a8ce1108938d47c8b','E-NCAP2023','C2B_AEB_CBFA-50_10_20_E-NCAP',NULL,NULL,NULL,'2023-12-19 11:16:41','2023-12-19 11:16:41'),(81,NULL,NULL,'4da1efc92aa74cedbca13822315e1bdb','E-NCAP2023','C2B_AEB_CBNA-50_10_15_E-NCAP',NULL,NULL,NULL,'2023-12-19 11:27:41','2023-12-19 11:27:41'),(82,NULL,NULL,'e960e7bc7a064c039622da0e3b9533bd','E-NCAP2023','C2P_AEB_CPTAfs-50_10_5_E-NCAP',NULL,NULL,NULL,'2023-12-15 10:26:45','2023-12-15 10:26:45'),(83,NULL,NULL,'80ed8a0ba9cd4b2ba7ef8e4683915737','E-NCAP2023','C2P_AEB_CPTAfo-50_10_5_E-NCAP',NULL,NULL,NULL,'2023-12-15 10:49:04','2023-12-15 10:49:04'),(84,NULL,NULL,'997ff7efcea24e1a8ce1108938d47c8b','E-NCAP2023','C2B_AEB_CBFA-50_10_20_Euro-NCAP',NULL,NULL,NULL,'2023-12-15 11:13:54','2023-12-15 11:13:54'),(85,NULL,NULL,'005497eaea874887bc651f3dd7b07995','E-NCAP2023','C2P_AEB_CPTAno-50_10_5_E-NCAP',NULL,NULL,NULL,'2023-12-15 11:23:55','2023-12-15 11:23:55'),(86,NULL,NULL,'6fa5c5a537514b29876fc4b876006fd6','E-NCAP2023','C2P_AEB_CPTAns-50_10_5_E-NCAP',NULL,NULL,NULL,'2023-12-15 13:36:45','2023-12-15 13:36:45'),(87,NULL,NULL,'0b98d95a694c448f84a0e174fd26793a','E-NCAP2023','C2P_AEB_CPRA-50_4_0_E-NCAP',NULL,NULL,NULL,'2023-12-16 10:23:36','2023-12-16 10:23:36'),(88,NULL,NULL,'0b98d95a694c448f84a0e174fd26793a','E-NCAP2023','C2P_AEB_CPRA-50_8_0_E-NCAP',NULL,NULL,NULL,'2023-12-16 10:24:34','2023-12-16 10:24:34'),(89,NULL,NULL,'0b98d95a694c448f84a0e174fd26793a','E-NCAP2023','C2P_AEB_CPRA-75_8_0_E-NCAP',NULL,NULL,NULL,'2023-12-16 10:26:55','2023-12-16 10:26:55'),(90,NULL,NULL,'0b98d95a694c448f84a0e174fd26793a','E-NCAP2023','C2P_AEB_CPRA-25_8_0_E-NCAP',NULL,NULL,NULL,'2023-12-16 10:27:55','2023-12-16 10:27:55'),(91,NULL,NULL,'0b98d95a694c448f84a0e174fd26793a','E-NCAP2023','C2P_AEB_CPRC-50_4_0_E-NCAP',NULL,NULL,NULL,'2023-12-16 10:29:00','2023-12-16 10:29:00'),(92,NULL,NULL,'0b98d95a694c448f84a0e174fd26793a','E-NCAP2023','C2P_AEB_CPRC-50_8_0_E-NCAP',NULL,NULL,NULL,'2023-12-16 10:35:20','2023-12-16 10:35:20'),(93,NULL,NULL,'0b98d95a694c448f84a0e174fd26793a','E-NCAP2023','C2P_AEB_CPRC-25_4_0_E-NCAP',NULL,NULL,NULL,'2023-12-16 10:36:18','2023-12-16 10:36:18'),(94,NULL,NULL,'0b98d95a694c448f84a0e174fd26793a','E-NCAP2023','C2P_AEB_CPRC-75_4_0_E-NCAP',NULL,NULL,NULL,'2023-12-16 10:36:47','2023-12-16 10:36:47'),(95,NULL,NULL,'bc5e2dd1c3154ab9b8a2dbc55cd26b90','E-NCAP2023','C2P_AEB_CPRA-50_4_5_E-NCAP',NULL,NULL,NULL,'2023-12-16 11:10:39','2023-12-16 11:10:39'),(96,NULL,NULL,'0b2bac17dc1547c19e645b5b563ebbaf','E-NCAP2023','C2P_AEB_CPRC-50_8_5_E-NCAP',NULL,NULL,NULL,'2023-12-16 11:16:31','2023-12-16 11:16:31'),(97,NULL,NULL,'e960e7bc7a064c039622da0e3b9533bd','E-NCAP2023','C2P_AEB_CPTAfs-50_15_5_E-NCAP',NULL,NULL,NULL,'2023-12-16 11:53:10','2023-12-16 11:53:10'),(98,NULL,NULL,'e960e7bc7a064c039622da0e3b9533bd','E-NCAP2023','C2P_AEB_CPTAfs-50_20_5_E-NCAP',NULL,NULL,NULL,'2023-12-16 11:53:42','2023-12-16 11:53:42'),(99,NULL,NULL,'80ed8a0ba9cd4b2ba7ef8e4683915737','E-NCAP2023','C2P_AEB_CPTAfo-50_15_5_E-NCAP',NULL,NULL,NULL,'2023-12-16 11:55:40','2023-12-16 11:55:40'),(100,NULL,NULL,'80ed8a0ba9cd4b2ba7ef8e4683915737','E-NCAP2023','C2P_AEB_CPTAfo-50_20_5_E-NCAP',NULL,NULL,NULL,'2023-12-16 11:56:16','2023-12-16 11:56:16'),(101,NULL,NULL,'ad6da5c7ebb747d3be93c39d2f52b436','E-NCAP2023','C2P_AEB_CPLA-50_30_5_E-NCAP',NULL,NULL,NULL,'2023-12-16 13:43:19','2023-12-16 13:43:19'),(102,NULL,NULL,'ad6da5c7ebb747d3be93c39d2f52b436','E-NCAP2023','C2P_AEB_CPLA-50_25_5_E-NCAP',NULL,NULL,NULL,'2023-12-16 13:43:43','2023-12-16 13:43:43'),(103,NULL,NULL,'b13fd27b5367438fa2948c08b5ea59c3','E-NCAP2023','C2P_AEB_CPLA-50_35_5_E-NCAP',NULL,NULL,NULL,'2023-12-16 13:54:44','2023-12-16 13:54:44'),(104,NULL,NULL,'b13fd27b5367438fa2948c08b5ea59c3','E-NCAP2023','C2P_AEB_CPLA-50_40_5_E-NCAP',NULL,NULL,NULL,'2023-12-16 13:55:56','2023-12-16 13:55:56'),(105,NULL,NULL,'b13fd27b5367438fa2948c08b5ea59c3','E-NCAP2023','C2P_AEB_CPLA-50_45_5_E-NCAP',NULL,NULL,NULL,'2023-12-16 13:55:37','2023-12-16 13:55:37'),(106,NULL,NULL,'b13fd27b5367438fa2948c08b5ea59c3','E-NCAP2023','C2P_AEB_CPLA-50_50_5_E-NCAP',NULL,NULL,NULL,'2023-12-16 13:56:32','2023-12-16 13:56:32'),(107,NULL,NULL,'b13fd27b5367438fa2948c08b5ea59c3','E-NCAP2023','C2P_AEB_CPLA-50_55_5_E-NCAP',NULL,NULL,NULL,'2023-12-16 13:57:07','2023-12-16 13:57:07'),(108,NULL,NULL,'b13fd27b5367438fa2948c08b5ea59c3','E-NCAP2023','C2P_AEB_CPLA-50_60_5_E-NCAP',NULL,NULL,NULL,'2023-12-16 13:57:31','2023-12-16 13:57:31'),(109,NULL,NULL,'b13fd27b5367438fa2948c08b5ea59c3','E-NCAP2023','C2P_AEB_CPLA-50_60_5_night_E-NCAP',NULL,NULL,NULL,'2023-12-16 14:00:20','2023-12-16 14:00:20'),(110,NULL,NULL,'b13fd27b5367438fa2948c08b5ea59c3','E-NCAP2023','C2P_AEB_CPLA-50_55_5_night_E-NCAP',NULL,NULL,NULL,'2023-12-16 13:59:01','2023-12-16 13:59:01'),(111,NULL,NULL,'b13fd27b5367438fa2948c08b5ea59c3','E-NCAP2023','C2P_AEB_CPLA-50_45_5_night_E-NCAP',NULL,NULL,NULL,'2023-12-16 13:59:25','2023-12-16 13:59:25'),(112,NULL,NULL,'b13fd27b5367438fa2948c08b5ea59c3','E-NCAP2023','C2P_AEB_CPLA-50_50_5_night_E-NCAP',NULL,NULL,NULL,'2023-12-16 13:59:48','2023-12-16 13:59:48'),(113,NULL,NULL,'b13fd27b5367438fa2948c08b5ea59c3','E-NCAP2023','C2P_AEB_CPLA-50_40_5_night_E-NCAP',NULL,NULL,NULL,'2023-12-16 14:01:18','2023-12-16 14:01:18'),(114,NULL,NULL,'b13fd27b5367438fa2948c08b5ea59c3','E-NCAP2023','C2P_AEB_CPLA-50_35_5_night_E-NCAP',NULL,NULL,NULL,'2023-12-16 14:02:06','2023-12-16 14:02:06'),(115,NULL,NULL,'ad6da5c7ebb747d3be93c39d2f52b436','E-NCAP2023','C2P_AEB_CPLA-50_25_5_night_E-NCAP',NULL,NULL,NULL,'2023-12-16 14:05:07','2023-12-16 14:05:07'),(116,NULL,NULL,'ad6da5c7ebb747d3be93c39d2f52b436','E-NCAP2023','C2P_AEB_CPLA-50_30_5_night_E-NCAP',NULL,NULL,NULL,'2023-12-16 14:04:47','2023-12-16 14:04:47'),(117,NULL,NULL,'2568e70e5c194257be8f3913db01613c','E-NCAP2023','C2P_AEB_CPLA-25_50_5_E-NCAP',NULL,NULL,NULL,'2023-12-16 14:17:02','2023-12-16 14:17:02'),(118,NULL,NULL,'2568e70e5c194257be8f3913db01613c','E-NCAP2023','C2P_AEB_CPLA-25_55_5_E-NCAP',NULL,NULL,NULL,'2023-12-16 14:17:24','2023-12-16 14:17:24'),(119,NULL,NULL,'2568e70e5c194257be8f3913db01613c','E-NCAP2023','C2P_AEB_CPLA-25_60_5_E-NCAP',NULL,NULL,NULL,'2023-12-16 14:17:47','2023-12-16 14:17:47'),(120,NULL,NULL,'2568e70e5c194257be8f3913db01613c','E-NCAP2023','C2P_FCW_CPLA-25_60_5_E-NCAP',NULL,NULL,NULL,'2023-12-16 14:18:00','2023-12-16 14:18:00'),(121,NULL,NULL,'2568e70e5c194257be8f3913db01613c','E-NCAP2023','C2P_FCW_CPLA-25_55_5_E-NCAP',NULL,NULL,NULL,'2023-12-16 14:19:01','2023-12-16 14:19:01'),(122,NULL,NULL,'2568e70e5c194257be8f3913db01613c','E-NCAP2023','C2P_FCW_CPLA-25_50_5_E-NCAP',NULL,NULL,NULL,'2023-12-16 14:19:20','2023-12-16 14:19:20'),(123,NULL,NULL,'2568e70e5c194257be8f3913db01613c','E-NCAP2023','C2P_FCW_CPLA-25_65_5_E-NCAP',NULL,NULL,NULL,'2023-12-16 14:19:45','2023-12-16 14:19:45'),(124,NULL,NULL,'2568e70e5c194257be8f3913db01613c','E-NCAP2023','C2P_FCW_CPLA-25_70_5_E-NCAP',NULL,NULL,NULL,'2023-12-16 14:21:27','2023-12-16 14:21:27'),(125,NULL,NULL,'2568e70e5c194257be8f3913db01613c','E-NCAP2023','C2P_FCW_CPLA-25_80_5_E-NCAP',NULL,NULL,NULL,'2023-12-16 14:20:47','2023-12-16 14:20:47'),(126,NULL,NULL,'2568e70e5c194257be8f3913db01613c','E-NCAP2023','C2P_FCW_CPLA-25_75_5_E-NCAP',NULL,NULL,NULL,'2023-12-16 14:21:06','2023-12-16 14:21:06'),(127,NULL,NULL,'2568e70e5c194257be8f3913db01613c','E-NCAP2023','C2P_FCW_CPLA-25_70_5_night_E-NCAP',NULL,NULL,NULL,'2023-12-16 14:22:04','2023-12-16 14:22:04'),(128,NULL,NULL,'2568e70e5c194257be8f3913db01613c','E-NCAP2023','C2P_FCW_CPLA-25_80_5_night_E-NCAP',NULL,NULL,NULL,'2023-12-16 14:22:24','2023-12-16 14:22:24'),(129,NULL,NULL,'2568e70e5c194257be8f3913db01613c','E-NCAP2023','C2P_FCW_CPLA-25_75_5_night_E-NCAP',NULL,NULL,NULL,'2023-12-16 14:22:42','2023-12-16 14:22:42'),(130,NULL,NULL,'2568e70e5c194257be8f3913db01613c','E-NCAP2023','C2P_FCW_CPLA-25_65_5_night_E-NCAP',NULL,NULL,NULL,'2023-12-16 14:23:41','2023-12-16 14:23:41'),(131,NULL,NULL,'2568e70e5c194257be8f3913db01613c','E-NCAP2023','C2P_FCW_CPLA-25_60_5_night_E-NCAP',NULL,NULL,NULL,'2023-12-16 14:24:52','2023-12-16 14:24:52'),(132,NULL,NULL,'2568e70e5c194257be8f3913db01613c','E-NCAP2023','C2P_FCW_CPLA-25_50_5_night_E-NCAP',NULL,NULL,NULL,'2023-12-16 14:25:21','2023-12-16 14:25:21'),(133,NULL,NULL,'2568e70e5c194257be8f3913db01613c','E-NCAP2023','C2P_FCW_CPLA-25_55_5_night_E-NCAP',NULL,NULL,NULL,'2023-12-16 14:25:41','2023-12-16 14:25:41'),(134,NULL,NULL,'0018ab34d8a2470aac884804f7e91717','E-NCAP2023','C2P_AEB_CPNA-25_45_5_E-NCAP',NULL,NULL,NULL,'2023-12-18 17:04:53','2023-12-18 17:04:53'),(135,NULL,NULL,'c225131a10c24ab28fbdd5537f9515f5','E-NCAP2023','C2P_AEB_CPNA-25_50_5_E-NCAP',NULL,NULL,NULL,'2023-12-18 16:58:39','2023-12-18 16:58:39'),(136,NULL,NULL,'9e3942adf1ed4115954e434d35fb0fc1','E-NCAP2023','C2M_AEB_CMFtap-50_10_30_E-NCAP',NULL,NULL,NULL,'2023-12-18 17:16:09','2023-12-18 17:16:09'),(137,NULL,NULL,'c9377cf2856444598537dd28ada5fc70','E-NCAP2023','C2P_AEB_CPNA-25_55_5_E-NCAP',NULL,NULL,NULL,'2023-12-18 17:04:25','2023-12-18 17:04:25'),(138,NULL,NULL,'687df063d74b458eb377157e5116fbc0','E-NCAP2023','C2P_AEB_CPNA-25_60_5_E-NCAP',NULL,NULL,NULL,'2023-12-18 17:08:43','2023-12-18 17:08:43'),(139,NULL,NULL,'29adbee38d4b4f67a7ede3c488f87a68','E-NCAP2023','C2B_AEB_CBNAO-50_10_10_E-NCAP',NULL,NULL,NULL,'2023-12-19 11:41:54','2023-12-19 11:41:54'),(140,NULL,NULL,'5faade8395764f80bbc3e36c14c92356','E-NCAP2023','C2B_AEB_CBLA-50_25_15_E-NCAP',NULL,NULL,NULL,'2023-12-18 19:21:54','2023-12-18 19:21:54'),(141,NULL,NULL,'294c20cfbaef454aa711cf194faf9f15','E-NCAP2023','C2B_AEB_CBTAfo-50_10_15_Euro NCAP 2023',NULL,NULL,NULL,'2023-12-18 19:27:56','2023-12-18 19:27:56'),(142,NULL,NULL,'294c20cfbaef454aa711cf194faf9f15','E-NCAP2023','C2B_AEB_CBTAfo-50_10_15_E-NCAP',NULL,NULL,NULL,'2023-12-18 19:33:13','2023-12-18 19:33:13'),(143,NULL,NULL,'f31d258c1b4347538f2a5bfada43e59c','E-NCAP2023','C2B_FCW_CBLA-25_50_15_E-NCAP',NULL,NULL,NULL,'2023-12-18 19:37:36','2023-12-18 19:37:36'),(144,NULL,NULL,'06bf7ebe47724022b7126d50fb43e1e2','E-NCAP2023','LSS_ELK_Solid-line test_Passenger side_72_0.2_E-NCAP',NULL,NULL,NULL,'2023-12-27 10:23:01','2023-12-27 10:23:01'),(145,NULL,NULL,'f468217c57794c29bb03a22c7a2c1f3c','E-NCAP2023','LSS_ELK_Solid-line-test_Passenger-side_72_0.2_E-NCAP',NULL,NULL,NULL,'2024-01-04 10:01:32','2024-01-04 10:01:32'),(146,NULL,NULL,'5e0b3d8b369640b2a7439835267e24cc','E-NCAP2023','LSS_ELK_Solid-line-test_Driver-side_72_0.2_E-NCAP',NULL,NULL,NULL,'2024-01-04 10:00:28','2024-01-04 10:00:28'),(147,NULL,NULL,'c5278b5c4d834a8b9e5ea690fa8f4a39','E-NCAP2023','LSS_LKA_Dashed_line_test_Driver_side_72_0.2_E-NCAP',NULL,NULL,NULL,'2023-12-27 11:15:08','2023-12-27 11:15:08'),(148,NULL,NULL,'c5278b5c4d834a8b9e5ea690fa8f4a39','E-NCAP2023','LSS_LKA_Dashed_line_test_Driver_side_72_0.3_E-NCAP',NULL,NULL,NULL,'2023-12-27 11:19:33','2023-12-27 11:19:33'),(149,NULL,NULL,'c5278b5c4d834a8b9e5ea690fa8f4a39','E-NCAP2023','LSS_LKA_Dashed_line_test_Driver_side_72_0.4_E-NCAP',NULL,NULL,NULL,'2023-12-27 11:19:39','2023-12-27 11:19:39'),(150,NULL,NULL,'c5278b5c4d834a8b9e5ea690fa8f4a39','E-NCAP2023','LSS_LKA_Dashed_line_test_Driver_side_72_0.5_E-NCAP',NULL,NULL,NULL,'2023-12-27 11:19:54','2023-12-27 11:19:54'),(151,NULL,NULL,'c5278b5c4d834a8b9e5ea690fa8f4a39','E-NCAP2023','LSS_LKA_Dashed_line_test_Driver_side_72_0.6_E-NCAP',NULL,NULL,NULL,'2023-12-27 11:20:01','2023-12-27 11:20:01'),(152,NULL,NULL,'14eaff5a5b034ed1a6535a4ea3f91e29','E-NCAP2023','LSS_LKA_Dashed_line_test_Passenger_side_72_0.2_E-NCAP',NULL,NULL,NULL,'2023-12-27 11:26:55','2023-12-27 11:26:55'),(153,NULL,NULL,'14eaff5a5b034ed1a6535a4ea3f91e29','E-NCAP2023','LSS_LKA_Dashed_line_test_Passenger_side_72_0.3_E-NCAP',NULL,NULL,NULL,'2023-12-27 11:27:00','2023-12-27 11:27:00'),(154,NULL,NULL,'14eaff5a5b034ed1a6535a4ea3f91e29','E-NCAP2023','LSS_LKA_Dashed_line_test_Passenger_side_72_0.4_E-NCAP',NULL,NULL,NULL,'2023-12-27 11:27:05','2023-12-27 11:27:05'),(155,NULL,NULL,'14eaff5a5b034ed1a6535a4ea3f91e29','E-NCAP2023','LSS_LKA_Dashed_line_test_Passenger_side_72_0.5_E-NCAP',NULL,NULL,NULL,'2023-12-27 11:27:14','2023-12-27 11:27:14'),(156,NULL,NULL,'14eaff5a5b034ed1a6535a4ea3f91e29','E-NCAP2023','LSS_LKA_Dashed_line_test_Passenger_side_72_0.6_E-NCAP',NULL,NULL,NULL,'2023-12-27 11:27:22','2023-12-27 11:27:22'),(157,NULL,NULL,'14eaff5a5b034ed1a6535a4ea3f91e29','E-NCAP2023','LSS_LKA_Solid_line_test_Driver_side_72_0.2_E-NCAP',NULL,NULL,NULL,'2023-12-27 11:35:37','2023-12-27 11:35:37'),(158,NULL,NULL,'14eaff5a5b034ed1a6535a4ea3f91e29','E-NCAP2023','LSS_LKA_Solid_line_test_Driver_side_72_0.3_E-NCAP',NULL,NULL,NULL,'2023-12-27 11:35:46','2023-12-27 11:35:46'),(159,NULL,NULL,'14eaff5a5b034ed1a6535a4ea3f91e29','E-NCAP2023','LSS_LKA_Solid_line_test_Driver_side_72_0.4_E-NCAP',NULL,NULL,NULL,'2023-12-27 11:35:54','2023-12-27 11:35:54'),(160,NULL,NULL,'14eaff5a5b034ed1a6535a4ea3f91e29','E-NCAP2023','LSS_LKA_Solid_line_test_Driver_side_72_0.5_E-NCAP',NULL,NULL,NULL,'2023-12-27 11:36:01','2023-12-27 11:36:01'),(161,NULL,NULL,'14eaff5a5b034ed1a6535a4ea3f91e29','E-NCAP2023','LSS_LKA_Solid_line_test_Driver_side_72_0.6_E-NCAP',NULL,NULL,NULL,'2023-12-27 11:36:10','2023-12-27 11:36:10'),(162,NULL,NULL,'c5278b5c4d834a8b9e5ea690fa8f4a39','E-NCAP2023','LSS_LKA_Solid_line_test_Passenger_side_72_0.2_E-NCAP',NULL,NULL,NULL,'2023-12-27 11:36:44','2023-12-27 11:36:44'),(163,NULL,NULL,'c5278b5c4d834a8b9e5ea690fa8f4a39','E-NCAP2023','LSS_LKA_Solid_line_test_Passenger_side_72_0.3_E-NCAP',NULL,NULL,NULL,'2023-12-27 11:36:48','2023-12-27 11:36:48'),(164,NULL,NULL,'c5278b5c4d834a8b9e5ea690fa8f4a39','E-NCAP2023','LSS_LKA_Solid_line_test_Passenger_side_72_0.4_E-NCAP',NULL,NULL,NULL,'2023-12-27 11:36:54','2023-12-27 11:36:54'),(165,NULL,NULL,'c5278b5c4d834a8b9e5ea690fa8f4a39','E-NCAP2023','LSS_LKA_Solid_line_test_Passenger_side_72_0.5_E-NCAP',NULL,NULL,NULL,'2023-12-27 11:37:00','2023-12-27 11:37:00'),(166,NULL,NULL,'c5278b5c4d834a8b9e5ea690fa8f4a39','E-NCAP2023','LSS_LKA_Solid_line_test_Passenger_side_72_0.6_E-NCAP',NULL,NULL,NULL,'2023-12-27 11:37:07','2023-12-27 11:37:07'),(167,NULL,NULL,'85aa97e443a64f4ea91bda423fb86f13','E-NCAP2023','LSS_ELK_Solid-line test_Passenger-side_72_0.2_E-NCAP',NULL,NULL,NULL,'2023-12-27 13:54:01','2023-12-27 13:54:01'),(168,NULL,NULL,'3782970b440d457bb8005863f7df4bce','E-NCAP2023','LSS_ELK_Solid-line-test_Driver side_72_0.2_E-NCAP',NULL,NULL,NULL,'2023-12-27 14:04:42','2023-12-27 14:04:42'),(169,NULL,NULL,'887de15e9f4e4239a737bf67e6e00133','E-NCAP2023','LSS_ELK_Road-edge_Passenger-side_72_0.2_No_Grass_E-NCAP',NULL,NULL,NULL,'2024-01-04 09:58:39','2024-01-04 09:58:39'),(170,NULL,NULL,'ad3796be08a54f9cb6e38be23baf09f4','E-NCAP2023','LSS_ELK_Road edge_Passenger-side_72_0.2_Dashed-line_Grass_E-NCAP',NULL,NULL,NULL,'2023-12-27 15:27:30','2023-12-27 15:27:30'),(171,NULL,NULL,'ad3796be08a54f9cb6e38be23baf09f4','E-NCAP2023','LSS_ELK_Road-edge_Passenger-side_72_0.2_Dashed-line_Grass_E-NCAP',NULL,NULL,NULL,'2024-01-04 09:59:35','2024-01-04 09:59:35'),(172,NULL,NULL,'cb2fea4e861f4d9f92cb973fef3841a9','E-NCAP2023','LSS_ELK_Oncoming_Driver-side_72_0.2_72_E-NCAP',NULL,NULL,NULL,'2024-01-11 16:15:43','2024-01-11 16:15:43'),(173,NULL,NULL,'d5a381668c3e4370818ef83b0e29350b','E-NCAP2023','LSS_ELK_Oncoming_Driver-side_72_0.3_72_E-NCAP',NULL,NULL,NULL,'2024-01-02 10:10:23','2024-01-02 10:10:23'),(174,NULL,NULL,'d5a381668c3e4370818ef83b0e29350b','E-NCAP2023','LSS_ELK_Oncoming_Driver-side_72_0.4_72_E-NCAP',NULL,NULL,NULL,'2024-01-02 10:10:29','2024-01-02 10:10:29'),(175,NULL,NULL,'d5a381668c3e4370818ef83b0e29350b','E-NCAP2023','LSS_ELK_Oncoming_Driver-side_72_0.5_72_E-NCAP',NULL,NULL,NULL,'2024-01-02 10:10:35','2024-01-02 10:10:35'),(176,NULL,NULL,'d5a381668c3e4370818ef83b0e29350b','E-NCAP2023','LSS_ELK_Oncoming_Driver-side_72_0.6_72_E-NCAP',NULL,NULL,NULL,'2024-01-02 10:10:41','2024-01-02 10:10:41'),(177,NULL,NULL,'b4e9cd600f314d3489149370a72730f5','E-NCAP2023','LSS_ELK_Over-taking_unintentional_72_0.2_72_E-NCAP',NULL,NULL,NULL,'2024-01-04 14:28:03','2024-01-04 14:28:03'),(178,NULL,NULL,'b4e9cd600f314d3489149370a72730f5','E-NCAP2023','LSS_ELK_Over-taking_unintentional_72_0.3_72_E-NCAP',NULL,NULL,NULL,'2024-01-04 14:28:51','2024-01-04 14:28:51'),(179,NULL,NULL,'b4e9cd600f314d3489149370a72730f5','E-NCAP2023','LSS_ELK_Over-taking_unintentional_72_0.4_72_E-NCAP',NULL,NULL,NULL,'2024-01-04 14:28:59','2024-01-04 14:28:59'),(180,NULL,NULL,'b4e9cd600f314d3489149370a72730f5','E-NCAP2023','LSS_ELK_Over-taking_unintentional_72_0.5_72_E-NCAP',NULL,NULL,NULL,'2024-01-04 14:29:06','2024-01-04 14:29:06'),(181,NULL,NULL,'b4e9cd600f314d3489149370a72730f5','E-NCAP2023','LSS_ELK_Over-taking_unintentional_72_0.6_72_E-NCAP',NULL,NULL,NULL,'2024-01-04 14:30:21','2024-01-04 14:30:21'),(182,NULL,NULL,'b4e9cd600f314d3489149370a72730f5','E-NCAP2023','LSS_ELK_Over-taking_unintentional_72_0.2_80_E-NCAP',NULL,NULL,NULL,'2024-01-04 14:35:18','2024-01-04 14:35:18'),(183,NULL,NULL,'b4e9cd600f314d3489149370a72730f5','E-NCAP2023','LSS_ELK_Over-taking_unintentional_72_0.3_80_E-NCAP',NULL,NULL,NULL,'2024-01-04 14:35:51','2024-01-04 14:35:51'),(184,NULL,NULL,'b4e9cd600f314d3489149370a72730f5','E-NCAP2023','LSS_ELK_Over-taking_unintentional_72_0.4_80_E-NCAP',NULL,NULL,NULL,'2024-01-04 14:36:04','2024-01-04 14:36:04'),(185,NULL,NULL,'b4e9cd600f314d3489149370a72730f5','E-NCAP2023','LSS_ELK_Over-taking_unintentional_72_0.5_80_E-NCAP',NULL,NULL,NULL,'2024-01-04 14:36:11','2024-01-04 14:36:11'),(186,NULL,NULL,'b4e9cd600f314d3489149370a72730f5','E-NCAP2023','LSS_ELK_Over-taking_unintentional_72_0.6_80_E-NCAP',NULL,NULL,NULL,'2024-01-04 14:36:16','2024-01-04 14:36:16'),(187,NULL,NULL,'b4e9cd600f314d3489149370a72730f5','E-NCAP2023','LSS_ELK_Over-taking_intentional_72_0.5_80_E-NCAP',NULL,NULL,NULL,'2024-01-04 14:36:26','2024-01-04 14:36:26'),(188,NULL,NULL,'b4e9cd600f314d3489149370a72730f5','E-NCAP2023','LSS_ELK_Over-taking_intentional_72_0.6_80_E-NCAP',NULL,NULL,NULL,'2024-01-04 14:36:31','2024-01-04 14:36:31'),(189,NULL,NULL,'b4e9cd600f314d3489149370a72730f5','E-NCAP2023','LSS_ELK_Over-taking_intentional_72_0.7_80_E-NCAP',NULL,NULL,NULL,'2024-01-04 14:36:37','2024-01-04 14:36:37'),(190,NULL,NULL,'b4e9cd600f314d3489149370a72730f5','E-NCAP2023','LSS_ELK_Over-taking_intentional_72_0.7_72_E-NCAP',NULL,NULL,NULL,'2024-01-04 14:30:33','2024-01-04 14:30:33'),(191,NULL,NULL,'b4e9cd600f314d3489149370a72730f5','E-NCAP2023','LSS_ELK_Over-taking_intentional_72_0.6_72_E-NCAP',NULL,NULL,NULL,'2024-01-04 14:30:41','2024-01-04 14:30:41'),(192,NULL,NULL,'b4e9cd600f314d3489149370a72730f5','E-NCAP2023','LSS_ELK_Over-taking_intentional_72_0.5_72_E-NCAP',NULL,NULL,NULL,'2024-01-04 14:30:52','2024-01-04 14:30:52'),(193,NULL,NULL,'e23fd450f16848ebb8c42df8f341183c','E-NCAP2023','LSS_LDW_Dashed-line-test_Passenger-side_72_0.6_E-NCAP',NULL,NULL,NULL,'2024-01-04 10:03:34','2024-01-04 10:03:34'),(194,NULL,NULL,'7e84cd7a25c84b938d89f61a2afcbd88','E-NCAP2023','LSS_LDW_Solid-line-test_Driver-side_72_0.6_E-NCAP',NULL,NULL,NULL,'2024-01-04 10:04:55','2024-01-04 10:04:55'),(195,NULL,NULL,'f67e1a1264d6428ab6f91abf0208eb08','E-NCAP2023','LSS_LDW_Solid-line-test_Passenger-side_72_0.6_E-NCAP',NULL,NULL,NULL,'2024-01-04 10:06:39','2024-01-04 10:06:39'),(196,NULL,NULL,'c32f1d29cfc240f78dfd01a36e1c1fc4','E-NCAP2023','LSS_LDW_Dashed-line-test_Driver-side_72_0.6_E-NCAP',NULL,NULL,NULL,'2024-01-04 10:10:08','2024-01-04 10:10:08'),(197,NULL,NULL,'b4e9cd600f314d3489149370a72730f5','E-NCAP2023','LSS_ELK_Over-taking_intentional_72_0.2_72_E-NCAP',NULL,NULL,NULL,'2024-01-04 14:06:02','2024-01-04 14:06:02'),(198,NULL,NULL,'2fef5a2be29944d9825a931f8dd70890','AD-Grading2023','11111',NULL,NULL,NULL,'2024-04-17 17:37:02','2024-04-17 17:37:02');
/*!40000 ALTER TABLE `adas_move_cases` ENABLE KEYS */;
UNLOCK TABLES;

--
-- Table structure for table `adas_move_scenario`
--

DROP TABLE IF EXISTS `adas_move_scenario`;
/*!40101 SET @saved_cs_client     = @@character_set_client */;
/*!50503 SET character_set_client = utf8mb4 */;
CREATE TABLE `adas_move_scenario` (
  `id` int unsigned NOT NULL AUTO_INCREMENT COMMENT 'id',
  `scenario_editor_id` varchar(255) CHARACTER SET utf8mb3 COLLATE utf8mb3_general_ci DEFAULT NULL COMMENT 'scenario_editor_id',
  `choice_laws` varchar(150) CHARACTER SET utf8mb3 COLLATE utf8mb3_general_ci DEFAULT NULL COMMENT '法规选择',
  `select_case` varchar(255) CHARACTER SET utf8mb3 COLLATE utf8mb3_general_ci DEFAULT NULL COMMENT '测试用例',
  `remark` varchar(50) CHARACTER SET utf8mb3 COLLATE utf8mb3_general_ci DEFAULT NULL COMMENT 'remark',
  `remark1` varchar(50) CHARACTER SET utf8mb3 COLLATE utf8mb3_general_ci DEFAULT NULL COMMENT 'remark1',
  `remark2` varchar(50) CHARACTER SET utf8mb3 COLLATE utf8mb3_general_ci DEFAULT NULL COMMENT 'remark2',
  `create_time` datetime DEFAULT NULL COMMENT '创建时间',
  `update_time` datetime DEFAULT NULL COMMENT '修改时间',
  PRIMARY KEY (`id`) USING BTREE
) ENGINE=InnoDB AUTO_INCREMENT=2 DEFAULT CHARSET=utf8mb3 ROW_FORMAT=COMPACT COMMENT='adas场景生成表';
/*!40101 SET character_set_client = @saved_cs_client */;

--
-- Dumping data for table `adas_move_scenario`
--

LOCK TABLES `adas_move_scenario` WRITE;
/*!40000 ALTER TABLE `adas_move_scenario` DISABLE KEYS */;
INSERT INTO `adas_move_scenario` VALUES (1,'fac967995eb2446b97adb9ee170234b6','AD-Grading2023',NULL,NULL,NULL,NULL,NULL,NULL);
/*!40000 ALTER TABLE `adas_move_scenario` ENABLE KEYS */;
UNLOCK TABLES;

--
-- Table structure for table `adas_scene`
--

DROP TABLE IF EXISTS `adas_scene`;
/*!40101 SET @saved_cs_client     = @@character_set_client */;
/*!50503 SET character_set_client = utf8mb4 */;
CREATE TABLE `adas_scene` (
  `id` int unsigned NOT NULL COMMENT 'id',
  `api` varchar(150) CHARACTER SET utf8mb3 COLLATE utf8mb3_general_ci DEFAULT NULL COMMENT 'api',
  `scene_ids` varchar(150) CHARACTER SET utf8mb3 COLLATE utf8mb3_general_ci DEFAULT NULL COMMENT '场景ids',
  `preset_id` varchar(150) CHARACTER SET utf8mb3 COLLATE utf8mb3_general_ci DEFAULT NULL COMMENT 'preset_id',
  `source` varchar(500) DEFAULT NULL,
  `user_id` varchar(150) CHARACTER SET utf8mb3 COLLATE utf8mb3_general_ci DEFAULT NULL COMMENT 'user_id',
  `remark` varchar(500) DEFAULT NULL,
  `create_time` datetime DEFAULT NULL COMMENT '创建时间',
  `update_time` datetime DEFAULT NULL COMMENT '修改时间',
  PRIMARY KEY (`id`) USING BTREE
) ENGINE=InnoDB DEFAULT CHARSET=utf8mb3 ROW_FORMAT=COMPACT COMMENT='adas场景运行表';
/*!40101 SET character_set_client = @saved_cs_client */;

--
-- Dumping data for table `adas_scene`
--

LOCK TABLES `adas_scene` WRITE;
/*!40000 ALTER TABLE `adas_scene` DISABLE KEYS */;
INSERT INTO `adas_scene` VALUES (1,'http://10.10.12.62:18009,http://10.10.12.62:18008,http://10.10.12.62:18000','AEBtest','657d4ef0da0bb61cb85a1a20,657c0437cf76517c10bc6ae9,65713b979594fbdd4c5d3291','AD-Grading ACC,AD-Grading SAS,AD-Grading Steering Assistance,AD-Grading Collision Avoidance,C-NCAP 2021 AEB,Euro NCAP 2023 AEB,Euro NCAP 2023 C2P,Euro NCAP 2023 C2B,Euro NCAP 2023 C2M,Euro NCAP 2023 LSS,Euro NCAP 2023 SAS','10.10.12.128','http://10.10.12.62:9010?HoveringMouse=true,http://10.10.12.62:6010?HoveringMouse=true,http://10.10.12.10:58089?HoveringMouse=true','2023-11-24 01:00:00','2023-11-24 01:00:00'),(7,'http://10.10.12.61:18000','AEBtest','65713b979594fbdd4c5d3291','Euro NCAP 2023 AEB,C-NCAP 2021 AEB','10.10.12.128','http://10.10.12.61:4010','2023-11-24 23:00:00','2023-11-24 23:00:00');
/*!40000 ALTER TABLE `adas_scene` ENABLE KEYS */;
UNLOCK TABLES;

--
-- Table structure for table `dataset_database`
--

DROP TABLE IF EXISTS `dataset_database`;
/*!40101 SET @saved_cs_client     = @@character_set_client */;
/*!50503 SET character_set_client = utf8mb4 */;
CREATE TABLE `dataset_database` (
  `id` int NOT NULL AUTO_INCREMENT COMMENT 'id',
  `dataset_type` varchar(50) CHARACTER SET utf8mb3 COLLATE utf8mb3_general_ci NOT NULL COMMENT '算法类型',
  `dataset_name` varchar(60) CHARACTER SET utf8mb3 COLLATE utf8mb3_general_ci NOT NULL COMMENT '算法名称',
  `sort` varchar(20) CHARACTER SET utf8mb3 COLLATE utf8mb3_general_ci NOT NULL COMMENT '分类',
  `version` varchar(10) CHARACTER SET utf8mb3 COLLATE utf8mb3_general_ci DEFAULT NULL COMMENT '版本',
  `dataset_path` varchar(500) CHARACTER SET utf8mb3 COLLATE utf8mb3_general_ci DEFAULT NULL COMMENT '存储路径',
  `update_time` datetime NOT NULL COMMENT '修改时间',
  `temp` varchar(10) CHARACTER SET utf8mb3 COLLATE utf8mb3_general_ci DEFAULT NULL COMMENT 'temp',
  PRIMARY KEY (`id`) USING BTREE
) ENGINE=InnoDB DEFAULT CHARSET=utf8mb3 ROW_FORMAT=COMPACT COMMENT='数据集文件表';
/*!40101 SET character_set_client = @saved_cs_client */;

--
-- Dumping data for table `dataset_database`
--

LOCK TABLES `dataset_database` WRITE;
/*!40000 ALTER TABLE `dataset_database` DISABLE KEYS */;
/*!40000 ALTER TABLE `dataset_database` ENABLE KEYS */;
UNLOCK TABLES;

--
-- Table structure for table `dataset_table`
--

DROP TABLE IF EXISTS `dataset_table`;
/*!40101 SET @saved_cs_client     = @@character_set_client */;
/*!50503 SET character_set_client = utf8mb4 */;
CREATE TABLE `dataset_table` (
  `id` int NOT NULL AUTO_INCREMENT COMMENT 'id',
  `dataset_type` varchar(50) CHARACTER SET utf8mb3 COLLATE utf8mb3_general_ci NOT NULL COMMENT '算法类型',
  `dataset_name` varchar(60) CHARACTER SET utf8mb3 COLLATE utf8mb3_general_ci NOT NULL COMMENT '算法名称',
  `sort` varchar(20) CHARACTER SET utf8mb3 COLLATE utf8mb3_general_ci NOT NULL COMMENT '分类',
  `version` varchar(10) CHARACTER SET utf8mb3 COLLATE utf8mb3_general_ci DEFAULT NULL COMMENT '版本',
  `dataset_path` varchar(500) CHARACTER SET utf8mb3 COLLATE utf8mb3_general_ci DEFAULT NULL COMMENT '存储路径',
  `update_time` datetime NOT NULL COMMENT '修改时间',
  `temp` varchar(10) CHARACTER SET utf8mb3 COLLATE utf8mb3_general_ci DEFAULT NULL COMMENT 'temp',
  PRIMARY KEY (`id`) USING BTREE
) ENGINE=InnoDB DEFAULT CHARSET=utf8mb3 ROW_FORMAT=COMPACT COMMENT='数据集文件表';
/*!40101 SET character_set_client = @saved_cs_client */;

--
-- Dumping data for table `dataset_table`
--

LOCK TABLES `dataset_table` WRITE;
/*!40000 ALTER TABLE `dataset_table` DISABLE KEYS */;
/*!40000 ALTER TABLE `dataset_table` ENABLE KEYS */;
UNLOCK TABLES;

--
-- Table structure for table `model_database`
--

DROP TABLE IF EXISTS `model_database`;
/*!40101 SET @saved_cs_client     = @@character_set_client */;
/*!50503 SET character_set_client = utf8mb4 */;
CREATE TABLE `model_database` (
  `id` int NOT NULL AUTO_INCREMENT COMMENT 'id',
  `model_type` varchar(50) CHARACTER SET utf8mb3 COLLATE utf8mb3_general_ci NOT NULL COMMENT '算法类型',
  `model_name` varchar(60) CHARACTER SET utf8mb3 COLLATE utf8mb3_general_ci NOT NULL COMMENT '算法名称',
  `sort` varchar(20) CHARACTER SET utf8mb3 COLLATE utf8mb3_general_ci NOT NULL COMMENT '分类',
  `version` varchar(10) CHARACTER SET utf8mb3 COLLATE utf8mb3_general_ci DEFAULT NULL COMMENT '版本',
  `model_path` varchar(500) CHARACTER SET utf8mb3 COLLATE utf8mb3_general_ci DEFAULT NULL COMMENT '存储路径',
  `update_time` datetime NOT NULL COMMENT '修改时间',
  `temp` varchar(10) CHARACTER SET utf8mb3 COLLATE utf8mb3_general_ci DEFAULT NULL COMMENT 'temp',
  PRIMARY KEY (`id`) USING BTREE
) ENGINE=InnoDB DEFAULT CHARSET=utf8mb3 ROW_FORMAT=COMPACT COMMENT='算法文件表';
/*!40101 SET character_set_client = @saved_cs_client */;

--
-- Dumping data for table `model_database`
--

LOCK TABLES `model_database` WRITE;
/*!40000 ALTER TABLE `model_database` DISABLE KEYS */;
/*!40000 ALTER TABLE `model_database` ENABLE KEYS */;
UNLOCK TABLES;

--
-- Table structure for table `model_table`
--

DROP TABLE IF EXISTS `model_table`;
/*!40101 SET @saved_cs_client     = @@character_set_client */;
/*!50503 SET character_set_client = utf8mb4 */;
CREATE TABLE `model_table` (
  `id` int NOT NULL AUTO_INCREMENT COMMENT 'id',
  `model_type` varchar(50) CHARACTER SET utf8mb3 COLLATE utf8mb3_general_ci NOT NULL COMMENT '算法类型',
  `model_name` varchar(60) CHARACTER SET utf8mb3 COLLATE utf8mb3_general_ci NOT NULL COMMENT '算法名称',
  `sort` varchar(20) CHARACTER SET utf8mb3 COLLATE utf8mb3_general_ci NOT NULL COMMENT '分类',
  `version` varchar(10) CHARACTER SET utf8mb3 COLLATE utf8mb3_general_ci DEFAULT NULL COMMENT '版本',
  `model_path` varchar(500) CHARACTER SET utf8mb3 COLLATE utf8mb3_general_ci DEFAULT NULL COMMENT '存储路径',
  `update_time` datetime NOT NULL COMMENT '修改时间',
  `type` varchar(10) DEFAULT NULL,
  PRIMARY KEY (`id`) USING BTREE
) ENGINE=InnoDB AUTO_INCREMENT=37 DEFAULT CHARSET=utf8mb3 ROW_FORMAT=COMPACT COMMENT='算法文件表';
/*!40101 SET character_set_client = @saved_cs_client */;

--
-- Dumping data for table `model_table`
--

LOCK TABLES `model_table` WRITE;
/*!40000 ALTER TABLE `model_table` DISABLE KEYS */;
INSERT INTO `model_table` VALUES (1,'visible_img.img_classfication','可见光图像','图像分类','v1.9.2','/Users/dengdagui/Documents/install/java/base-admin-master/temp/v1.9.2/visible_img_img_classfication/model_new.zip','2024-12-24 14:44:24','model'),(2,'visible_img.img_classfication','可见光图像','图像分类','v1.9.2','/Users/dengdagui/Documents/install/java/base-admin-master/temp/v1.9.2/visible_img_img_classfication/data.zip','2024-12-24 14:44:51','dataset'),(3,'visible_img.target_detection','可见光图像','目标检测','v1.9.2','/Users/dengdagui/Documents/install/java/base-admin-master/temp/v1.9.2/visible_img_target_detection/img_detection_model_coco_yolovx.zip','2024-09-23 12:36:55','model'),(4,'visible_img.target_detection','可见光图像','目标检测','v1.9.2','/Users/dengdagui/Documents/install/java/base-admin-master/temp/v1.9.2/visible_img_target_detection/coco2017_100.zip','2024-09-23 12:37:04','dataset'),(5,'visible_img.target_trace','可见光图像','目标跟踪','v1.9.2','/Users/dengdagui/Documents/install/java/base-admin-master/temp/v1.9.2/visible_img_target_trace/data-single.zip','2024-09-23 12:38:18','dataset'),(6,'visible_img.target_trace','可见光图像','目标跟踪','v1.9.2','/Users/dengdagui/Documents/install/java/base-admin-master/temp/v1.9.2/visible_img_target_trace/binary_target_trace_model.zip','2024-09-23 12:38:35','model'),(7,'visible_img.pose_estimation','见光图像','姿态估计','v1.9.2','/Users/dengdagui/Documents/install/java/base-admin-master/temp/v1.9.2/visible_img_pose_estimation/model.zip','2024-09-23 12:40:08','model'),(8,'visible_img.pose_estimation','见光图像','姿态估计','v1.9.2','/Users/dengdagui/Documents/install/java/base-admin-master/temp/v1.9.2/visible_img_pose_estimation/data.zip','2024-09-23 12:40:13','dataset'),(9,'visible_img.img_reid','可见光图像','行人重识别','v1.9.2','/Users/dengdagui/Documents/install/java/base-admin-master/temp/v1.9.2/visible_img_img_reid/行人重识别-算法.zip','2024-09-23 12:40:44','model'),(10,'visible_img.img_reid','可见光图像','行人重识别','v1.9.2','/Users/dengdagui/Documents/install/java/base-admin-master/temp/v1.9.2/visible_img_img_reid/data.zip','2024-10-29 15:07:05','dataset'),(11,'visible_img.img_segmentation','可见光图像','语义分割','v1.9.2','/Users/dengdagui/Documents/install/java/base-admin-master/temp/v1.9.2/visible_img_img_segmentation/DeepLabV3_cityscapes_mode.zip','2024-09-23 12:42:17','model'),(12,'visible_img.img_segmentation','可见光图像','语义分割','v1.9.2','/Users/dengdagui/Documents/install/java/base-admin-master/temp/v1.9.2/visible_img_img_segmentation/cityscapes-100.zip','2024-09-23 12:42:30','dataset'),(13,'infrared_ray.img_classfication','红外图像','图像分类','v1.9.2','/Users/dengdagui/Documents/install/java/base-admin-master/temp/v1.9.2/infrared_ray_img_classfication/data.zip','2024-09-23 12:43:33','dataset'),(14,'infrared_ray.img_classfication','红外图像','图像分类','v1.9.2','/Users/dengdagui/Documents/install/java/base-admin-master/temp/v1.9.2/infrared_ray_img_classfication/binary_visible_img_img_classfication_model.zip','2024-10-29 14:58:49','model'),(15,'infrared_ray.target_detectio','红外图像','目标检测','v1.9.2','/Users/dengdagui/Documents/install/java/base-admin-master/temp/v1.9.2/infrared_ray_target_detectio/multiple_infrared_ray_target_detection_model.zip','2024-12-24 17:32:02','model'),(16,'infrared_ray.target_detectio','红外图像','目标检测','v1.9.2','/Users/dengdagui/Documents/install/java/base-admin-master/temp/v1.9.2/infrared_ray_target_detectio/目标检测-船泊数据集_data.zip','2024-12-24 17:33:46','dataset'),(17,'infrared_ray.target_trace','红外图像','目标跟踪','v1.9.2','/Users/dengdagui/Documents/install/java/base-admin-master/temp/v1.9.2/infrared_ray_target_trace/data-single.zip','2024-09-23 12:45:46','dataset'),(18,'infrared_ray.target_trace','红外图像','目标跟踪','v1.9.2','/Users/dengdagui/Documents/install/java/base-admin-master/temp/v1.9.2/infrared_ray_target_trace/binary_target_trace_model.zip','2024-09-23 12:46:04','model'),(19,'video.target_detection','视频','目标检测','v1.9.2','/Users/dengdagui/Documents/install/java/base-admin-master/temp/v1.9.2/video_target_detection/video_detection_model_target_detection_flir_yolov5.zip','2024-09-23 12:46:52','model'),(20,'video.target_detection','视频','目标检测','v1.9.2','/Users/dengdagui/Documents/install/java/base-admin-master/temp/v1.9.2/video_target_detection/video_detection_data.zip','2024-09-23 12:47:03','dataset'),(21,'video.target_trace','视频','目标跟踪','v1.9.2','/Users/dengdagui/Documents/install/java/base-admin-master/temp/v1.9.2/video_target_trace/binary_video_target_trace_data.zip','2024-09-23 12:48:43','dataset'),(22,'video.target_trace','视频','目标跟踪','v1.9.2','/Users/dengdagui/Documents/install/java/base-admin-master/temp/v1.9.2/video_target_trace/binary_target_trace_model.zip','2024-09-23 12:48:05','model'),(23,'radar.signal_classification','雷达','目标检测','v1.9.2','/Users/dengdagui/Documents/install/java/base-admin-master/temp/v1.9.2/radar_signal_classification/model.zip','2024-09-23 12:49:57','model'),(24,'radar.signal_classification','雷达','目标检测','v1.9.2','/Users/dengdagui/Documents/install/java/base-admin-master/temp/v1.9.2/radar_signal_classification/data.zip','2024-09-23 12:49:51','dataset'),(25,'text.sen_analysis','文本','情感分析','v1.9.2','/Users/dengdagui/Documents/install/java/base-admin-master/temp/v1.9.2/text_sen_analysis/sen_analysis_data.zip','2024-09-23 12:50:35','dataset'),(26,'text.sen_analysis','文本','情感分析','v1.9.2','/Users/dengdagui/Documents/install/java/base-admin-master/temp/v1.9.2/text_sen_analysis/sen_analysis_model.zip','2024-09-23 12:51:48','model'),(27,'text.entity_recognition','文本','命名实体识别','v1.9.2','/Users/dengdagui/Documents/install/java/base-admin-master/temp/v1.9.2/text_entity_recognition/seq_attack_data.zip','2024-09-23 12:51:16','dataset'),(28,'asr.asr_recognition','语音','语音识别','v1.9.2','/Users/dengdagui/Documents/install/java/base-admin-master/temp/v1.9.2/asr_asr_recognition/asr_recognition_data.zip','2024-09-23 12:51:51','dataset'),(29,'text.entity_recognition','文本','命名实体识别','v1.9.2','/Users/dengdagui/Documents/install/java/base-admin-master/temp/v1.9.2/text_entity_recognition/seq_attack_model.zip','2024-09-23 12:52:19','model'),(30,'structured_data.classification','结构化数据','分类','v1.9.2','/Users/dengdagui/Documents/install/java/base-admin-master/temp/v1.9.2/structured_data_classification/multiple-classification-model.zip','2024-09-23 12:52:48','model'),(31,'structured_data.classification','结构化数据','分类','v1.9.2','/Users/dengdagui/Documents/install/java/base-admin-master/temp/v1.9.2/structured_data_classification/multiple-classification-data.zip','2024-09-23 12:52:56','dataset'),(32,'structured_data.regression','结构化数据','回归','v1.9.2','/Users/dengdagui/Documents/install/java/base-admin-master/temp/v1.9.2/structured_data_regression/model.zip','2024-09-23 12:53:35','model'),(33,'asr.asr_recognition','语音','语音识别','v1.9.2','/Users/dengdagui/Documents/install/java/base-admin-master/temp/v1.9.2/asr_asr_recognition/asr_recognition_model.zip','2024-09-23 12:53:31','model'),(34,'structured_data.regression','结构化数据','回归','v1.9.2','/Users/dengdagui/Documents/install/java/base-admin-master/temp/v1.9.2/structured_data_regression/data.zip','2024-09-23 12:53:45','dataset'),(35,'structured_data.cluster','结构化数据','聚类','v1.9.2','/Users/dengdagui/Documents/install/java/base-admin-master/temp/v1.9.2/structured_data_cluster/model.zip','2024-09-23 12:54:00','model'),(36,'structured_data.cluster','结构化数据','聚类','v1.9.2','/Users/dengdagui/Documents/install/java/base-admin-master/temp/v1.9.2/structured_data_cluster/data.zip','2024-09-23 12:54:13','dataset');
/*!40000 ALTER TABLE `model_table` ENABLE KEYS */;
UNLOCK TABLES;

--
-- Table structure for table `one_click`
--

DROP TABLE IF EXISTS `one_click`;
/*!40101 SET @saved_cs_client     = @@character_set_client */;
/*!50503 SET character_set_client = utf8mb4 */;
CREATE TABLE `one_click` (
  `id` int unsigned NOT NULL AUTO_INCREMENT COMMENT 'id',
  `username` varchar(50) CHARACTER SET utf8mb3 COLLATE utf8mb3_general_ci NOT NULL COMMENT '用户名',
  `password` varchar(50) CHARACTER SET utf8mb3 COLLATE utf8mb3_general_ci NOT NULL COMMENT '登录密码',
  `api` varchar(60) CHARACTER SET utf8mb3 COLLATE utf8mb3_general_ci NOT NULL COMMENT 'api',
  `category` varchar(5) CHARACTER SET utf8mb3 COLLATE utf8mb3_general_ci DEFAULT NULL COMMENT 'category',
  `istask` varchar(10) CHARACTER SET utf8mb3 COLLATE utf8mb3_general_ci DEFAULT NULL COMMENT 'isTask',
  `img_classfication` varchar(100) DEFAULT NULL,
  `target_detection` varchar(100) DEFAULT NULL,
  `target_trace` varchar(100) DEFAULT NULL,
  `text_sen_analysis` varchar(100) DEFAULT NULL,
  `text_entity_recognition` varchar(100) DEFAULT NULL,
  `asr_asr_recognition` varchar(100) DEFAULT NULL,
  `img_classfication_dataset` varchar(100) DEFAULT NULL,
  `target_detection_dataset` varchar(100) DEFAULT NULL,
  `target_trace_dataset` varchar(100) DEFAULT NULL,
  `text_sen_analysis_dataset` varchar(100) DEFAULT NULL,
  `text_entity_recognition_dataset` varchar(100) DEFAULT NULL,
  `asr_asr_recognition_increase` varchar(50) CHARACTER SET utf8mb3 COLLATE utf8mb3_general_ci DEFAULT NULL COMMENT 'asr_asr_recognition_increase',
  `visible_light_img_increase` varchar(50) CHARACTER SET utf8mb3 COLLATE utf8mb3_general_ci DEFAULT NULL COMMENT 'visible_light_img_increase',
  `visible_light_detection_increase` varchar(50) CHARACTER SET utf8mb3 COLLATE utf8mb3_general_ci DEFAULT NULL COMMENT 'visible_light_detection_increase',
  `visible_light_tracking_increase` varchar(50) CHARACTER SET utf8mb3 COLLATE utf8mb3_general_ci DEFAULT NULL COMMENT 'visible_light_tracking_increase',
  `infrared_ray_img_classfication_increase` varchar(50) CHARACTER SET utf8mb3 COLLATE utf8mb3_general_ci DEFAULT NULL COMMENT 'infrared_ray_img_classfication_increase',
  `infrared_ray_target_detection_increase` varchar(50) CHARACTER SET utf8mb3 COLLATE utf8mb3_general_ci DEFAULT NULL COMMENT 'infrared_ray_target_detection_increase',
  `infrared_ray_target_trace_increase` varchar(50) CHARACTER SET utf8mb3 COLLATE utf8mb3_general_ci DEFAULT NULL COMMENT 'infrared_ray_target_trace_increase',
  `text_analysis_increase` varchar(50) CHARACTER SET utf8mb3 COLLATE utf8mb3_general_ci DEFAULT NULL COMMENT 'text_analysis_increase',
  `text_named_entity_increase` varchar(50) CHARACTER SET utf8mb3 COLLATE utf8mb3_general_ci DEFAULT NULL COMMENT 'text_named_entity_increase',
  `visible_img_img_classfication_scheme` varchar(50) CHARACTER SET utf8mb3 COLLATE utf8mb3_general_ci DEFAULT NULL COMMENT 'visible_img_img_classfication',
  `visible_img_target_detection_scheme` varchar(50) CHARACTER SET utf8mb3 COLLATE utf8mb3_general_ci DEFAULT NULL COMMENT 'visible_img_target_detection',
  `visible_img_target_trace_scheme` varchar(50) CHARACTER SET utf8mb3 COLLATE utf8mb3_general_ci DEFAULT NULL COMMENT 'visible_img_target_trace',
  `infrared_ray_img_classfication_scheme` varchar(50) CHARACTER SET utf8mb3 COLLATE utf8mb3_general_ci DEFAULT NULL COMMENT 'infrared_ray_img_classfication',
  `infrared_ray_target_detection_scheme` varchar(50) CHARACTER SET utf8mb3 COLLATE utf8mb3_general_ci DEFAULT NULL COMMENT 'infrared_ray_target_detection',
  `infrared_ray_target_trace_scheme` varchar(50) CHARACTER SET utf8mb3 COLLATE utf8mb3_general_ci DEFAULT NULL COMMENT 'infrared_ray_target_trace',
  `text_sen_analysis_scheme` varchar(50) CHARACTER SET utf8mb3 COLLATE utf8mb3_general_ci DEFAULT NULL COMMENT 'text_sen_analysis_scheme',
  `text_entity_recognition_scheme` varchar(50) CHARACTER SET utf8mb3 COLLATE utf8mb3_general_ci DEFAULT NULL COMMENT 'text_entity_recognition_scheme',
  `asr_recognition_scheme` varchar(50) CHARACTER SET utf8mb3 COLLATE utf8mb3_general_ci DEFAULT NULL COMMENT 'asr_recognition_scheme',
  `asr_asr_recognition_dataset` varchar(600) DEFAULT NULL,
  `create_time` datetime NOT NULL COMMENT '创建时间',
  `update_time` datetime NOT NULL COMMENT '修改时间',
  PRIMARY KEY (`id`) USING BTREE
) ENGINE=InnoDB AUTO_INCREMENT=3 DEFAULT CHARSET=utf8mb3 ROW_FORMAT=COMPACT COMMENT='一键测试配置表';
/*!40101 SET character_set_client = @saved_cs_client */;

--
-- Dumping data for table `one_click`
--

LOCK TABLES `one_click` WRITE;
/*!40000 ALTER TABLE `one_click` DISABLE KEYS */;
INSERT INTO `one_click` VALUES (1,'dengdagui','abcd1234','http://172.26.193.10:31674','','On','/Users/dengdagui/Documents/install/java/base-admin-master/temp/img_classification_model_weapon_resnet50.zip','/Users/dengdagui/Documents/install/java/base-admin-master/temp/img_detection_model_filr_yolov5.zip','/Users/dengdagui/Documents/install/java/base-admin-master/temp/target-trace-model.zip','/Users/dengdagui/Documents/install/java/base-admin-master/temp/chinese_attack_model.zip','/Users/dengdagui/Documents/install/java/base-admin-master/temp/seq_attack_model.zip','/Users/dengdagui/Documents/install/java/base-admin-master/temp/asr_attack_model.zip','/Users/dengdagui/Documents/install/java/base-admin-master/temp/img_classification_data_weapon.zip','/Users/dengdagui/Documents/install/java/base-admin-master/temp/img_detection_filr_data.zip','/Users/dengdagui/Documents/install/java/base-admin-master/temp/target-trace-data.zip','/Users/dengdagui/Documents/install/java/base-admin-master/temp/chinese_attack_data.zip','/Users/dengdagui/Documents/install/java/base-admin-master/temp/seq_attack_data.zip','asr_asr_recognition_increase','visible_light_img_increase','visible_light_detection_increase','visible_light_tracking_increase','infrared_ray_img_classfication_increase','infrared_ray_target_detection_increase','infrared_ray_target_trace_increase','text_analysis_increase','text_named_entity_increase','visible_img_img_classfication_scheme','visible_img_target_detection_scheme','visible_img_target_trace_scheme','infrared_ray_img_classfication_scheme','infrared_ray_target_detection_scheme','infrared_ray_target_trace_scheme','text_sen_analysis_scheme','text_entity_recognition_scheme','asr_recognition_scheme','/Users/dengdagui/Documents/install/java/base-admin-master/temp/asr_attack_data.zip','2025-03-13 23:00:00','2025-03-13 23:00:00');
/*!40000 ALTER TABLE `one_click` ENABLE KEYS */;
UNLOCK TABLES;

--
-- Table structure for table `persistent_logins`
--

DROP TABLE IF EXISTS `persistent_logins`;
/*!40101 SET @saved_cs_client     = @@character_set_client */;
/*!50503 SET character_set_client = utf8mb4 */;
CREATE TABLE `persistent_logins` (
  `series` varchar(64) CHARACTER SET utf8mb4 COLLATE utf8mb4_unicode_ci NOT NULL COMMENT 'id',
  `username` varchar(64) CHARACTER SET utf8mb4 COLLATE utf8mb4_unicode_ci NOT NULL COMMENT '登陆账号',
  `token` varchar(64) CHARACTER SET utf8mb4 COLLATE utf8mb4_unicode_ci NOT NULL COMMENT 'cookie令牌',
  `last_used` timestamp NOT NULL DEFAULT CURRENT_TIMESTAMP ON UPDATE CURRENT_TIMESTAMP COMMENT '最后更新时间',
  PRIMARY KEY (`series`)
) ENGINE=InnoDB DEFAULT CHARSET=utf8mb4 COLLATE=utf8mb4_unicode_ci ROW_FORMAT=COMPACT COMMENT='persistent_logins表，用户实现记住我功能';
/*!40101 SET character_set_client = @saved_cs_client */;

--
-- Dumping data for table `persistent_logins`
--

LOCK TABLES `persistent_logins` WRITE;
/*!40000 ALTER TABLE `persistent_logins` DISABLE KEYS */;
INSERT INTO `persistent_logins` VALUES ('/hQDii7ghMzAHIESeQ5lJg==','test','FYukPaJMcc8kFFwyF4uaFg==','2023-12-18 03:05:34'),('/i05GgVhuBKcfF14ZCRIzg==','test','3xXbl6pUB3Xz6FFVzzj79Q==','2023-11-14 09:41:52'),('/ObGEP9DUaLGWmT7yraFOA==','test','vFjK7QEdpE175IIag0xOEQ==','2024-03-28 02:25:46'),('/tcf9cdeDLE6c8ukarSDWg==','test','SBR7S5Fg9lwlLXiAS/nHSw==','2024-07-02 15:41:20'),('+AumM2Djcv2Bl1TH5XXpRA==','test','iDgh3+PPxdcMpjUD5bg4zw==','2024-08-27 14:37:26'),('+st0Bnm5LBcQuK3HuVR3Yg==','test','5R6CfyTMlKKy/zkNwLWjRQ==','2024-03-20 09:52:11'),('08mqhuHvPBhNWZU9ItYQGQ==','test','pIs6rxGXGhja9LGL6NeraQ==','2024-09-13 16:54:20'),('0e7MvqP2xYCeRszmL0IJIw==','test','JY4pWP59a1gJ1Ydo0oHaIg==','2023-12-02 14:47:58'),('0G8Kp4riQtlUXZGHWdH7kg==','test','FvdnteyOaiBjJPtUPxev5w==','2024-07-01 10:05:31'),('0lUQZMSHRxy0u7jp0dbfzg==','test','dUvWQ1GzMivgUP99L23+dA==','2024-06-25 10:04:37'),('1kj7kobOh4FN6WerAl5DDQ==','test','Cy36zb0bAMVRU+HHXv3F4Q==','2024-06-27 15:35:34'),('1R+dAovWBGy+modKT2EoBg==','test','2Z7YkJyMWTymO+IwkjOhyw==','2024-09-11 16:57:45'),('1WZOrOqSi1D1KqH11VW/NA==','test','lEg+CW4DYGhSb03L1GSpCg==','2023-11-21 04:50:58'),('2+yx41wilEHG7dQZeciW+w==','test','4i29PJ9/BpONW+OzBo/Uqg==','2023-11-17 08:28:02'),('24cKaCl1cCnHrZ61Tru0vQ==','test','nrJ5E85Vtmly3uJvI34Y/w==','2024-03-28 02:30:17'),('2m/L/CF1nXyVDbHCC6k9Qw==','test','rPnY2/uCrhXeL+9b3IxZhA==','2023-11-30 07:47:19'),('2M0EV8af0UUZAGIfOR2dTQ==','test','97igl97UXe7/tlKZ2tHNwg==','2024-12-22 09:50:47'),('2N2X2OI1dGpvpC/10TLaMg==','test','5Pf6qbqkBurwHqwABRdo2g==','2023-11-30 05:46:25'),('2pdOA+/MOPzO/rBTBUj+AA==','test','JtpFNSpTPmQM+if3cvQ06Q==','2024-03-22 09:06:39'),('3G4RAqmQT2A8IgUjNbBvFg==','test','jwqeDHwYbEDD9WwmY+s8Eg==','2023-12-15 02:11:54'),('3oHZMFf6cgodHDu24aEeAw==','test','/+8fkrThQwubt5ChUH8OjQ==','2024-03-01 10:05:01'),('3ORvqWFs6eGlhiBhm2IuzQ==','test','02g7e+56QWgZ8KeEPHWc9Q==','2024-07-03 06:58:39'),('4/xD172N+soeWmrsJoULrA==','test','QxRBy6KnJBSH5spOaL6OsQ==','2024-02-22 06:04:37'),('4kypNXoOg1EnMecEw75Rnw==','test','PtHhffRSUJp+YggVxIpnTQ==','2024-07-04 16:59:45'),('4y5B3EnVKnvu5yXt20CcoQ==','test','ws2l0PEZmDbHl/9SOwFMxw==','2023-12-28 09:44:54'),('5AaXHfkgK0N4MXQol/3IQQ==','test','HU+nC4zS0cdrG7jpQz+y3A==','2024-07-16 08:19:44'),('5d5faMHpMPI7FYvYLsArug==','test','h0BjD2pqGxuk/1/U5bd8Hg==','2023-12-28 02:10:06'),('5dkCnrlWSwrvzwO9BsXgcg==','test','bnDm2uvkdgC+bpZ6MOufyA==','2023-11-28 16:41:39'),('5UAdSsWM/HlQ1+eERKaGnw==','test','8MA9HKEr48lyX/xXzR0YXA==','2024-07-16 10:03:02'),('6+jgw1lvwWRUCGAAtJg0Wg==','test','zTVszXQOjwbD5NiOMXTEgA==','2024-07-01 13:17:51'),('6ig47+BZpyDaD8jEHoL4jw==','test','UaullAJGnUIUx7ramTU+vQ==','2023-11-27 07:44:14'),('6SQphXM+DW35izrfxSAzTw==','test','tksTtk8q3kCfA4FzJXt4RA==','2023-11-14 15:48:04'),('6Ve56/Ork6K2vH2Zv85DNg==','test','AuAfkXX/iRj5RgZRy78KLw==','2024-07-25 16:14:51'),('6xU9zw6M7fgqHnrkmdvpEg==','test','tFAlh8yFmC/bs84dCjIEBQ==','2024-07-16 08:19:17'),('792a8HdI3OEZieyGKmbJEg==','test','d2dwdXi6e37GrwfTHcaSxg==','2023-12-04 10:11:24'),('7F9c9GpwY6d/dISxANPw0A==','test','py453XFyyDnISp+78AlSAQ==','2024-08-28 07:21:37'),('7G8up95fiP3HJXoXkyOQVA==','test','ID3yS9I9H+FmzTJpq2tmlg==','2024-08-27 14:25:29'),('7nWq381Q6LjUJm9T1wUx7Q==','test','/x3x/9LR53f4yHFzvPUhtw==','2023-11-14 09:51:51'),('7O/kVi1CzbmTUrSq0Rxlpg==','test','6yhjrGdP0awg02d5wOHHxg==','2024-08-28 02:02:24'),('81jmiwXJmxMZaFCLF5W85A==','test','zvSWp1ZvCwfUgfg6qPLx3w==','2024-02-05 09:21:09'),('84TsttqPw6i+/EUu4LDdeQ==','test','q0xvD7zu+z1CL2MGC0QXZA==','2024-08-01 10:36:56'),('8KISENJQ2UrW7gNPhPLDGg==','test','WblmXRiE4seCc+e9uEc2QQ==','2024-07-31 16:01:13'),('8M+ZfLgbCDcrcRecTBcOyQ==','test','hiE6TgpRPpEAXoVplR6Y0g==','2023-12-21 09:28:16'),('8vvokg4xdFulkddCepVRvQ==','test','76rSaDxnR4M0H1BWNzxfSw==','2024-07-29 15:25:30'),('8yHLQ7PMAReMS0D1HPLxaQ==','test','05VItnN8R31TvEG7UFuxjw==','2024-07-11 05:10:44'),('9+VH4F7+Mskz2UNtDip/Mg==','test','R+Wf24RlTAT0LH1FcUTw4Q==','2024-01-31 07:14:38'),('9Hr3JiSvpoMFOgD5Uvg1jg==','test','UkAaLEba2OHVU2ENCBRB7Q==','2024-06-28 02:05:00'),('A0Fit+WfYZyhchmu/IY+GA==','test','EzT1sLmfZBc0q0q64SRtJA==','2023-11-28 16:44:27'),('A5/eqs0TTPZ8rna/A/UTHQ==','test','NnCqX/wLmno7UHLPry23Ag==','2024-03-28 02:14:28'),('AfhQehparsc0j5Q1FaKkWw==','test','qQd95yFT6rk/hX0+Cf5MaA==','2024-01-04 06:05:58'),('AgIq3x5Tmlxe39taJXQpoQ==','test','kxYsApznbcN/B3NQk7QmKQ==','2023-12-01 09:00:10'),('AL44Zya1mAyvn6M/tZ9v0A==','test','bkOGnmRJFASOHP6wTzfDTw==','2025-01-23 07:45:57'),('ALEtTQKsNY+MLQKTS38VTA==','test','noGD63n+v+ULIEOZZ3pUVA==','2024-03-20 07:44:05'),('As0tlHmgSZAtSc45YdQwkQ==','test','GG4iTOTR23cO0HLWL5FUOA==','2024-06-28 05:11:08'),('aXvXvGPXlGErtYHBlN+I5w==','test','Z9slH/plp3mzOGq26Vp5rQ==','2024-08-27 10:59:35'),('B1kWUnoZspltj9OLW1JXqA==','test','b/5O9smQ013gxRj0C8Ah2g==','2024-08-13 10:23:16'),('B7k/sSWUVZLrMTP2Rxj1hQ==','test','fmQS194xYP/HIKejCDyr/A==','2024-08-18 03:54:13'),('BaClGm6cSoWag+RGDugsQQ==','test','ztopdRBt1+ST/2iliHiRgg==','2024-07-29 15:25:34'),('BDnNCQOVIVBBowRvK+Iulg==','test','PNy9Got4V6Y30xQOxpPNYA==','2024-03-01 10:05:27'),('bsUMKwwOYNEOq7bm88eBTg==','test','2x4PsJJtDGmfREICDSJTNQ==','2024-03-27 09:51:12'),('BSWWMThQes7ImgODeU6ttw==','test','1iESh2bJQMWdWaNgPp6P7g==','2024-03-20 09:39:50'),('bTjDKuZVY8KjuwDKHvZ10w==','test','LYGGdQhvVd//2Zzi7FAbGw==','2024-01-12 08:43:05'),('BUasV+2UlEezYQ+LeQsfiQ==','test','AyPsS0nlv9+oflFLEDTvVA==','2023-11-14 09:10:01'),('bXq9cl5vBZuEouo+4JND9Q==','test','hQ/dYPazLmfuTgAk6FI5qg==','2024-07-16 03:25:04'),('BY+XzUnQQkfnwwonEBmudA==','test','yPOwx+UGCXuSdtpt9jlWZw==','2024-07-23 16:02:04'),('bzB5AEbNi4HUt7Zd5VYlsg==','test','s4yPxsxTxhasffseeZeJ9w==','2024-09-03 15:47:30'),('c5vwEUms/UHY3uWABEyR0w==','test','rufQYWdoFe0jpJhLZN9tuQ==','2024-06-30 06:10:13'),('CAscXcDcOE9PpFrfoyW1UQ==','test','aD45K4hJKRwDT0VRvI5mjw==','2024-03-20 09:15:44'),('cbz9gIxr5u2qfxRtg91oGg==','test','oSkchbKte+wM/8AZTjGaUg==','2023-11-23 01:02:45'),('cCZAkuXYX84k/LfOA+Rhsg==','test','bsyHtRqLrUCnECFXR+jDow==','2025-02-14 01:48:54'),('cG7UGh0ZP4eHR1w19FjxwQ==','test','nBAW93YOrbrd28U+Az6DGg==','2024-07-17 15:41:13'),('Cyf5DaiJmvascUy2xrlRyw==','test','O23UmIeaCWk2x2I1xrP/3Q==','2024-08-29 16:13:28'),('czoPX9x5yIuKdm2+yEqd+Q==','test','H2c09BGSvvKZPCUa0Y1g5g==','2024-07-28 07:23:34'),('d2IOWX9iSz4lUtRWHPIUug==','test','rCCKnFU4qSeliuz0DvcNaQ==','2024-07-07 05:41:59'),('d2pjjwgR1Wbb2lQjJnkN7Q==','test','Z0uyXbtLgleDEbbWB+vJ8Q==','2023-12-05 02:48:35'),('D7hLxDLG6nPKjvuTMn3aVw==','test','mN5Cw9znUFaVmyXZD2xVtg==','2023-12-15 01:49:03'),('dM9cgF44o7YRzXKbNGuVHA==','test','PMBXPGgQmg5dK6G+L4q3UQ==','2024-07-01 14:00:11'),('dmOsTlT490BL//xHCd+fKg==','test','pWregiuNMqjsV6jYYBeZpg==','2023-11-14 09:45:24'),('DxBcJpo2oW+SawQl+JLTSw==','test','eMz6NTYrToyXtKabDD+nrg==','2024-03-20 08:43:04'),('E13/A3aANDLtNtIom+g5bQ==','test','ROOHfkmbH35ool8KoejR0w==','2024-07-16 10:05:36'),('eaD56iaxViPjeiboRfIhRg==','test','EeZmId7DlyYtdPlJh3Z4kQ==','2023-12-05 06:18:36'),('ehR3DMUxYIdGVUzhEaNdtA==','test','vJRLVdBlKYRLDy7d39Kz6A==','2024-03-20 08:52:40'),('EjDrig4EL4uXyWj1FJa5uQ==','test','HCuPmErl1uWK+FGQF5XjuQ==','2024-12-27 01:47:02'),('En84I7Nm2UxB+iyRot7EDQ==','test','LF/I/qVg4j9puH2OsxUqGA==','2024-08-18 03:45:20'),('EowCF9/f8uq9h5x/Jutm2Q==','test','vYe+uVgxVY/9Cqgsr7iV2w==','2024-04-14 08:04:41'),('eQ2CcvYsOBqvz6v5Kj1/vA==','test','GwSI4WvpNGTz0x+9ps+mWQ==','2024-06-03 09:04:48'),('ERNH0fWwD0+3caCNje0Bkw==','test','Wnh4PzTGxPtkAii+md0yrg==','2023-11-25 08:31:21'),('F1p72Ynxe96n0EgDCHNwyQ==','test','m8vYMJoRS2gYjVnNbsS1Hg==','2023-11-30 07:36:40'),('fa5cOs4xV0cpqsS4Pto+WA==','test','rECXamXrFZ3kDunX9I4kSg==','2024-07-28 06:11:45'),('Fd9aoLkvl3SrjbEMI43tqA==','test','BbORr0EytgJFz7c/sjcYFQ==','2024-08-27 14:33:13'),('fGpxO+ng6pr0Yr3+t3wuzQ==','test','1Ho4f/0xUeo+XbOWz93sUQ==','2024-01-17 08:22:45'),('forETkiZS0IsmvkS3qUIfQ==','test','23KLmcuGW1d8HCgxrFktWw==','2024-03-20 09:20:33'),('fprhtdqW5L4ueecoYvxjjQ==','test','dfT/mOgcZY4xOvjyDQsd7A==','2024-07-21 08:28:02'),('fSTh/m13Q5S7ebpzeIKCEw==','test','dJ051ftRZHkHbUCrTODSHg==','2024-10-12 01:50:37'),('fSzzpe4DefKoIsAr4ngqlw==','test','TxOgEmWCSTqueGGU+3ngQw==','2024-06-30 06:56:42'),('ftMdSmRyWhXPQq2sudpfTw==','test','UWZtvzukCdVQoD7m4F8exg==','2024-08-18 04:04:24'),('FtSgMGf2iytLnYTuVsCZIw==','test','6QbGOLagy+eRdXNde44J/Q==','2023-11-30 03:42:23'),('Fw9TOtvWBHp7IWRaOISrQw==','test','FFSrBHcv/Ms5wIgJMSSOhQ==','2024-07-08 05:47:22'),('FWaP0XfCdu013qJdetNy3g==','test','3Wzum6VAGoevjzcyARcozQ==','2024-04-10 09:45:17'),('fz5VSL6FPV0OHIl/fiDHvw==','test','GW2CtUj0W+8MZFhj1zS3wQ==','2023-12-27 08:15:23'),('G9SYS8CDlFspxjB0JBLNpw==','test','pdIHFvUgW13Yw/FccRa9JQ==','2024-06-20 11:36:55'),('GH5gY8ku5iNBupSq0B37GQ==','test','9D+3TbDoO1W1RXpLGL/qiQ==','2024-01-22 15:33:22'),('ghy4l3kiU9DJMgK60tz4sg==','test','pZmBwiwYXsDb5fY/VHDKrw==','2024-06-28 09:35:43'),('gOtC6UWHsbo9iNe9I3iY5Q==','test','shZW8LzCFljqUx24S/P4rw==','2024-11-12 08:13:12'),('GphD7rR9OFENmaw7+Bd/IA==','test','k0wo+o6qowWDal4S7RfdWQ==','2023-11-25 13:28:59'),('gyEnzm85IicFRYMzNFf0Ow==','test','yaqkD+HbwcLwcVsgIkz81A==','2024-03-20 07:42:00'),('H50xdnKwivIP7EX2LQtIeA==','test','YFS+l8kAY7GdkpblTrkQvw==','2024-06-28 02:22:07'),('H6KLdmYcJahlDBS0Amk0Lw==','test','zzoK9SoHes/2VfVKrC2aWg==','2024-07-25 16:16:15'),('h9SIB/5GilZxbcZprIF1FQ==','test','TGy4WpO9k22KbAawycZ1cQ==','2024-09-20 09:12:47'),('HCuAFuTT/J1YObCrEsRCjQ==','test','Rc96b+gZ6lCsBvm2+F6tIw==','2024-11-03 10:16:06'),('hp9tzA5rSJCaEmaD6NF7HQ==','test','et31mJFK2Z3wSVEdat0s4Q==','2024-06-30 06:54:09'),('hTXGo3eAOwf1rmRA8OIX4g==','test','4GrYxIU8VemTOQzMcszCag==','2024-09-20 08:56:34'),('HzA6+ij3KpQIrAWZ+HvOQA==','test','+pMqsL+Dewo8TbfgYeDipg==','2024-07-09 07:08:15'),('I4r+e+PvpGoKn24CSk5bgA==','test','mson6VsGO7Xci7sG9PqKPQ==','2023-11-24 10:26:23'),('i7+yXObgvdGIFDZ3ODuElw==','test','GV3+PHM6uSuv20q05G2Kig==','2024-01-17 07:51:07'),('iB4aKzd64LvSykUqJIqnnA==','test','AHAkwHbpaO70yKeVBOiNUw==','2024-06-28 10:58:40'),('InEg1K8p0tmtY5i8xwCgQQ==','test','0m//Q0M0Dx+pTmcS7iAC9Q==','2024-07-16 10:09:52'),('iQbb8N+9R8lWeZr7Ym97lg==','test','3mevTqlWoOnNapar/DkqDw==','2023-11-30 07:34:42'),('Iu0JUNxOijE86F3eLGKj9g==','test','K/viZ3lNvdH9686jXZ+j8Q==','2024-09-18 16:24:13'),('j2V2oRDgsq2nlA2WnsrJ7A==','test','Z4Qfy6I86fhO6olsKFWo3w==','2024-08-09 10:21:02'),('jb1gERPWZpl8Ddcg2EPm/g==','test','P2DwlMT4kauWrXsQK1Jr1w==','2024-05-21 15:18:49'),('Jgy34mNXmMOu6anGqwZhgQ==','test','JZM9gKpZ+ZuCG+StdZHYtw==','2024-09-04 01:45:28'),('jGZxtY2rkIVhL8bbzSAVgQ==','test','KP1NMMJmvh695Nwc7pz/QQ==','2024-07-16 17:23:05'),('JjrDo4DbjjPehH4qMeC0/g==','test','gWsLQMMgsE4F2erzJgxAyQ==','2024-06-30 06:50:26'),('joSsdyGL+2SnHDaPsnlM0g==','test','jb++T2b+VHsG3W8PRFV95w==','2024-06-30 05:42:25'),('K1x4C/ECvW1HMdfwjzmoRA==','test','C//57NsxfzQ6ceN2Jm9xkQ==','2023-12-16 07:32:45'),('KhAQuBq2YkTzyEITC9AOOQ==','test','N1BYdmImvjGnLwc5kRNoGQ==','2023-11-30 03:06:21'),('kqK1ORsRrz98JD0E6C+vUA==','test','cGAfr4WxNpi9f760z6PMOA==','2024-08-29 04:57:17'),('KThZXkX2sAigZ5SRm0zJXg==','test','u5hc5KHK0CKFcA36gwoIIQ==','2023-12-11 09:21:41'),('KXaRJ0zE5Q+fCW6YO931Mg==','test','wcFMHJXOhgOZk4d02ieROA==','2023-11-27 01:52:00'),('kXxDWMFIbmnxYYlk30xuAg==','test','nfalTl2CNF8ChetYKeSvDw==','2024-06-30 05:40:21'),('l/p6IiU1OPQKR17Ahama8g==','test','dmN/VfsrRGlUyj5jI6e5kw==','2024-03-01 06:44:45'),('L8Bn9tRrULbATq96Xn8INg==','test','dPP7MDTLTz3HFPZoG+Ln5g==','2024-07-02 15:44:27'),('M299orPxaUtvMdeICrJBFQ==','test','bye6NCDjcpuAg9RzjR2onw==','2024-07-16 07:31:40'),('M8Mp8L18r52OQX3yAOu/yQ==','test','JI+M55sjn9YOawWj8h8CfA==','2024-01-09 01:29:39'),('m8wWjXzLTd1TCsH4ThD33Q==','test','kCoK3WmCR4GIRk9mqAEHow==','2023-12-25 08:40:09'),('MAsyt/hjFXidbLwemxVxGg==','test','J1eCC6jjQztGA/bd4lFQcw==','2023-11-25 13:34:23'),('MdXP8QX07bqvzDT/J7ZF6w==','test','+EUkjlna3RXVaYFtqXuZZQ==','2024-08-22 04:46:22'),('meitXskVheqnC9dUhWXDGw==','test','ZQU5qfTw+s+eWU4tmyq+3A==','2024-07-16 09:10:35'),('MOFgHsxOw5Qfit9sfL2sXA==','test','Gpc8sK15TOz8odZQIy3KXQ==','2023-11-30 05:46:58'),('mOLIeyQUfLPnyXKjrJKuzg==','test','SRzUk/C4NQx7F+XNhJPacw==','2023-12-13 01:06:47'),('mOP+mqX+J9+9Z9oFtKuryQ==','test','fmVp1vd9IPV4hgeLDEhgLw==','2024-06-25 10:08:36'),('mOpAaE9W1K6tNquIaNewLg==','test','0jQIk4sNmEaQq/XxVMN8cg==','2023-12-14 02:03:46'),('mrPtJXrWP5+sk9ICn2CCIg==','test','/xuVVboiDQFBj8jCb2/muA==','2024-06-30 06:06:03'),('msj42i5AK+2SbhDWPaIvfg==','test','YAPD2LoOWpmusRUFOUdV+A==','2024-07-02 10:14:57'),('MSr7c5QxfESm/GNTCXe2LQ==','test','c3s3iGiHblgO0hVE7jq0fg==','2024-06-13 14:31:14'),('Mway8NUEfX0vJfvlJ4dYiA==','test','viWiHzEqIg3gtWMXITh/tA==','2023-11-14 13:04:29'),('NCr25QsFxrFSZNEJDKgbRg==','test','KWuO2fmDewdfo0K6JdGENw==','2023-11-30 03:18:19'),('NeMcFp9PsqT6jns/0c0zZg==','test','qCncJizoQdhcD92UPAPtNw==','2025-02-11 06:40:09'),('nfM5FUtR2jGyc7OOmUNn8A==','test','1WJ4M80PTuFCYelXLizzig==','2024-06-28 09:25:14'),('nw43JNvVcZPN1r6ic/VorQ==','test','2jsFxLLy6nU525HtJjzeHg==','2024-06-30 06:00:21'),('Nz0/obxt/dpcq6W8CxtSqQ==','test','7O1SAEkWZiW4X9l645qZcw==','2024-02-23 02:17:50'),('nz1vqAMqBN5OxYS7jG/InQ==','test','Fba7Gg0rY7vhMqQwn4x3Ew==','2024-08-18 03:45:55'),('O8IOCeBjVYekHGZ+JNyBvQ==','test','bLkISAMH6g+EPjyaBjW/ew==','2025-01-23 10:44:07'),('ob0HXNPmR2AKSnxFGRKgvQ==','test','5sB8JO63DALwpqZm+yhsuw==','2025-02-21 06:22:00'),('oDBobakDReF0hFxwjdtRGQ==','test','KSUC8osHz8LFI+9o81cEUg==','2024-01-03 09:37:18'),('Oe4A9FJBB7B4pedCbFx6Xw==','test','MSyixI/4UAL7PrFLA3iVpQ==','2024-03-26 10:49:37'),('OfH1usOHOufqUP2htvqTdg==','test','K2GiUASye8jwCxS0zp4ifQ==','2024-07-02 10:08:25'),('oJMblspMjVnaKrdzI9+kNw==','test','L2RHSmRzM49riYmZguAtEw==','2025-01-24 09:04:14'),('ok5fbOB6TJdE3Qj+3fu3Qg==','test','uweq6/v1PDDeYw1l+nKoxQ==','2024-08-20 03:21:19'),('OLejtDSs+PfIWee37y/Cbw==','test','jfEr/qXqjHc5L5SeE7SFBQ==','2023-11-25 13:43:44'),('oLSOQCm5UIcdbnGJdVx38A==','test','raLSMYhhDWVM9XGwyS51wg==','2024-11-03 12:35:00'),('P66XNics6t2fVajMLFQyag==','test','bTrw0KTfkl3qQCCckXU7Gg==','2024-08-04 06:13:44'),('P6x3J9L3PwVzJjjbHo2q0A==','test','+4dAk3rDNONNKvR8AwGZqA==','2023-11-14 09:13:08'),('pcLhnE+Q6GDeOVuUSozVeg==','test','LfchczBl+czsRSeYQaTzrQ==','2024-07-03 08:32:12'),('pHxoseJmF6tZHzAYWMestg==','test','2jkWyGu93cWFUzB1wSSFNg==','2023-11-25 14:13:28'),('PiLeJ1cdDnHLBABlrm7AdQ==','test','afYHzPkyELDc/WenZIag0Q==','2024-03-04 08:04:14'),('PlkyBRetq4Jye3U+RGuP0A==','test','PlUGI+yDZduXsPcilcEm+w==','2024-09-12 06:00:51'),('PLmxiyxR+IR3uTqRB0UyMg==','test','pmSstldYjY+CGE4lbCcG6Q==','2024-06-20 15:53:13'),('PTkGls9BBiNXNHWO/Pf4vQ==','test','yEsamC4tgZiV1o4EsbqSiQ==','2024-03-20 07:38:07'),('pWGg+DVZVdW0+Blg8C2Z/w==','test','rBeYkP72KZKBK+n8nXo/PQ==','2024-04-02 05:37:05'),('q1wwA0qeljc8uLz1qCLcRQ==','test','IyBoS/Tcm2uAsNoMCfgXfw==','2024-08-27 16:16:09'),('q2TJnOuTIU4Oc3iGuwvZnA==','test','2n2V1YdGHL78tHRUm9bg3A==','2024-07-11 05:46:46'),('QdMmmBCCYj5FTXJrB5/uqw==','test','LMNraIql5bCYRnmpVe/rHw==','2023-11-25 13:38:41'),('QelZwquickTFO00Qv78RaQ==','test','lurV8xDPv07L6tsJp9u5ZA==','2023-12-15 02:07:38'),('qF6lmBizm8vcQweMmU/Gjw==','test','Sa9L2i301/8V8+z9unSqVg==','2024-03-20 09:51:40'),('qFQgpmUxsd4eqsFgPjNPnA==','test','dy63WiGijkymAgkPd4uovA==','2024-07-08 06:03:26'),('QiMf8XPtFbaUQM7nTIYbKg==','test','+oOiNG2ewO4G496Qyd1wpQ==','2024-07-08 14:35:35'),('qJM3eEYiSXdXFjrPR/AR8g==','test','W6/Yrr82o9135H43mCNDjA==','2024-08-06 05:57:56'),('Qms1MvLUIKJtzaNtvg5noA==','test','ESgB8m0Dzf65fAvaoCxKSw==','2024-09-25 08:13:14'),('qNkJwBXuYmLSQ6dL9LmwXQ==','test','h2Z2MUGRRjSxV/XWw9/HNw==','2024-02-28 07:20:10'),('qQfHPZY7oKJWyPGvU8uTJg==','test','PgvAUQDUTpm+EfVCLVXyCg==','2023-12-19 01:14:24'),('qW8VhFbniNn1t7Xyv5MiQg==','test','PA450hS2+LpUJ2e1i+5Sfw==','2024-08-18 04:03:26'),('r+b64M0FoISm+12wkgCrlg==','test','MlecCAKQwCr4dd+G2oUbQQ==','2023-11-30 02:35:53'),('Rb22ZBW35UPtVPlA6D1Cpw==','test','xb+mgVHnBlCvi99MrLFoyQ==','2023-12-20 03:49:57'),('RepjmRZ2LvFcSivEFqEcEA==','test','bLbdaP+3dx/R+37tO9pwwQ==','2023-11-20 09:23:03'),('Rf+CPeISm+QN4fAf7Gzo0g==','test','GAris+4yYsUKZFGUnvlsUg==','2024-06-28 10:57:11'),('Rj61/I0wd8gYPX1ySGGpzg==','test','c19WSD8oZ4K/C0yvVXoIzw==','2023-11-14 09:14:03'),('rnOkZwUAlckErsspEx1XWg==','test','MyklzHv2zYaW5bVYCHQrYw==','2024-03-20 09:01:53'),('RuOJHoQeWwDJ9NIQiiYK3Q==','test','I3KDtnHQfpcEiAGnZioN1w==','2023-11-14 09:09:32'),('s6Z1Z5CbA0OGgPKZKg5ogA==','test','IqtxcUGRO3cFnNtI1YUySw==','2024-03-20 09:01:25'),('SbzXYzg5FdROA8IxJMdYYQ==','test','cd/N11n6GOBIXchQhKde/w==','2023-11-28 09:46:15'),('Se9Isfwn81Leqw9BZWYM1w==','test','brBmkt+XwLzmhURRqWLNwQ==','2024-07-15 15:54:45'),('SGhRrdcolyCEDcmlXeiY8g==','test','0j5JxpUKpoW6VOjQ8RYZvg==','2024-06-28 04:29:17'),('shFryagKGS2O/uJoUannIA==','test','iPHauZ8hJpLXLbBXsG55gA==','2024-01-18 08:20:00'),('SMFZFhe/tUuOEXXOo0FYlA==','test','+C5S3tci3ElB4k0rpZhwvQ==','2024-06-28 06:03:36'),('SodVufyeFi8pgsovsN7piw==','test','KYp0tr2qjZlhTZaCxnoOGQ==','2024-08-13 01:45:55'),('SozaJKZgBM9Kr3BcIgqftw==','test','0OKa0visxYDDrieD/yHt2w==','2024-08-28 00:11:38'),('Sq07yZdNRA/RxPiHSxkObg==','admin','9Sx0yzes40fKmflisHVZ0A==','2024-07-29 15:23:02'),('sS1G6+NLCLeYQffY4M+Uew==','test','Zgp5Ossoz9JgvAsLBg9z+Q==','2024-06-30 06:45:44'),('staMEsjX2uOAdJ3qAuAg2w==','test','3TwZhuBFZI+ihYqzQ+ByEw==','2023-12-07 17:04:52'),('T4THd/Pw9jGTX1dsXeUeHQ==','test','HG6OBY7jKDQUwvJPqKaapA==','2025-02-12 08:13:16'),('tE4LTVv+U9ya6/s8nHCDcA==','test','UIwJ2YlQiyrFQpjJnD2jQg==','2024-11-08 08:15:03'),('tEhSDVXEOWWg/8yz9Klf9g==','test','yVwoxMlX3DE1Ba+AgWVaHw==','2024-03-28 02:25:45'),('teu774NH5Roo/GD9pvFR0A==','test','xpUEywg6B+CSNet0c/oMBw==','2023-12-18 05:49:10'),('TfpsbVIVjtvLHgI+fUrJgA==','test','jXNpMnyIT4wr1vYWDuIL7Q==','2023-12-15 02:12:23'),('TrYVRVPuQJq7rsNU72NZ/A==','test','/gPOOzEVgkfiEz9NUwn3lA==','2024-06-28 09:29:37'),('tsTNhPXY+22eLLLmWmz8zA==','test','6s5V/3MWrVIDSHUvmnJh/g==','2024-04-08 10:16:15'),('TX7gcOpUtoMQEJtowBFaKQ==','test','LVdIon586y7JWzh+2gyKCg==','2024-07-26 14:04:01'),('tY8DVCvdBZ0JBFjwfGXX9Q==','test','B12p1Yhr6hm9sTo3yZXywg==','2024-08-30 04:24:24'),('tYbbzLuHCLD1rQjHHjJmEQ==','test','F+3plf1mqH4plQnkxtAp7w==','2024-07-17 07:23:45'),('Uc557+sdcnJtAH/esGJXaw==','test','jpbH8l7WCVKeLoSEUPyRcA==','2024-08-28 16:33:21'),('UHJrkfH40fyQBHkfQ+87nw==','test','zknFjROtxMl+DkoF0WT6iA==','2024-08-28 06:57:57'),('UoARN7OJ7w6gdoa/Lj7qxQ==','test','v4vdnDeMMlbQfNO2o7gtCA==','2024-07-02 10:41:54'),('UPeTCcK+s6IOBKEaef8LBQ==','test','4LsVdWYMmyYB1ISgVIRH+w==','2023-11-14 09:44:53'),('uueF3uR+o3gXge1nDXSM0g==','test','fUaZHf83PbKIrinoWmxpyQ==','2024-09-03 15:14:27'),('uVB54g1Gg0eklRbPawiICA==','test','12zZ8+Me49TXAvFF8tyctw==','2023-11-21 01:48:10'),('Ux9aK4ydqgJDHuAq6DqL6g==','test','aDtYSsMW7hjEUx11xnkjqA==','2024-09-22 04:09:22'),('V+ktjsBQEaRsdLTbz38iXQ==','test','sBAJT9MPC4V2Sy44mKn1uw==','2024-06-28 01:40:57'),('V0vh6jGr5W+F5kLFBKJYxw==','test','Uf9OcYcVX/88hneHXPUR+w==','2024-06-28 09:26:08'),('V7q27xghealszL62VjrJng==','test','VxIYUfdiI9Eeh5Vn2SOMeg==','2023-12-02 04:37:39'),('vB9UD/WW/F6GtZE2Zb9+8Q==','test','Yp7Oj0V4WA/AdFJ5g9WssQ==','2024-07-17 08:22:43'),('vFz4jTTlP9fg5JyUeCDqBg==','test','eI4HyVewSOjCIjALiBDjAw==','2024-07-22 15:26:46'),('VQL/qOb/0TcTxAMAImcXZw==','test','3Ctq0ywEhs48On0PrdcFdw==','2023-12-15 02:01:24'),('VuE+s0hyHNDZOvT4GltV6Q==','test','TjPBihLvV5XerlC1eZOnjg==','2023-11-21 05:42:33'),('vurHO+l4fknCgR964QmasA==','test','5Esww16t6Qojx4np7ivJpQ==','2025-01-07 09:11:47'),('vX1hNqCotVRKL+ya1qLV1A==','test','XEle/h2tWAITfQEktD1nQQ==','2025-03-14 03:18:46'),('vZ7RzepaU4DvL5V8zx40rg==','test','V3WlNopt7bQtCnTXqLqKdg==','2024-08-28 07:06:19'),('w6TJimstxiMJeBoK7bN7oQ==','test','ztSPqJsrPuwGCNSpXS2fog==','2024-07-27 05:58:59'),('wcvJ+wrgrh3C4TtXiPQwhQ==','test','FznWW0wcEStV0p45B9zw6g==','2024-03-20 08:53:23'),('wE/SUT12bLjhRA6LAVMw+A==','test','8CEz+Svd29nBkmSH7yWLnA==','2024-07-16 10:02:34'),('WfLNoMCEwrz+l+16OS/faQ==','test','iUsZXdKd61xSiwek6XkixQ==','2024-07-27 06:20:51'),('Wk3yQjbgK/lg31gUxFa8+w==','test','UjSOCMtdSRUHar2cGQFLRg==','2024-08-21 05:20:10'),('wNs4SihP+eRCKfWq3ctUbQ==','test','ZENjzEgBrE9Gz27pMSo4qg==','2024-11-18 15:19:22'),('WsCr9OtmhtXUv/5RO+dXYA==','test','iauIa+bcofWpw78haMI+OA==','2024-02-20 07:37:03'),('wW78O/x1daG+JsFUX2WIOw==','test','kngrWz/BgZ/uwRcwg4ShWQ==','2024-03-20 09:35:03'),('wXBSg0CURCmCV1rBxLbQPQ==','test','n6sb4KSyIfIQp0qEN5wGjg==','2024-07-25 16:36:48'),('wxqcG6Ljg4ACoCFx1/Dl0A==','test','Kltd0LuPu1nbYN6w02HDZQ==','2024-03-20 09:25:53'),('WY1/28ZnI55kRr9UGwWDyQ==','test','sGh4+Ey3tvDwmIuV43Waqw==','2023-11-28 16:45:01'),('wYnHeDSmO5/PJnG/iD+q6w==','test','7xJLrYNJZxCn0XFWBmfqVw==','2024-07-19 03:26:07'),('x/dD/7moRgn1Ik1nx5jbNQ==','test','DhHD2K1Wyokj191bbgvsrA==','2024-07-02 10:11:38'),('x+SWVUgV92XBNQNOvFJOng==','test','uF97SL1owa0RPU/sa6N/NA==','2024-03-21 08:25:16'),('x3SFg/4uZd9rBt4Zb7Ssng==','test','z6vGrYzqNis6e3pSQpJsjA==','2024-06-28 07:07:44'),('x4sETt7LtsVRJgF+XIHsuA==','test','UzD6WLHiwA//iLy9ZsKc/Q==','2025-01-03 05:25:28'),('x6OX08pHU/QfOXNvuVLc4Q==','test','JThJphJwDFmNL6TdPneoYw==','2024-11-04 02:10:03'),('xJl6XyKRFFt0Xrl8Ga9g1Q==','test','RVFwrWUomly/yJXE82AMOw==','2024-07-09 01:37:27'),('Xkau2rQKwbnGu8Z+JTtmRA==','test','81w54YbG4kvsHBOVqhCySQ==','2024-08-18 03:16:43'),('xLxJUoSM720acjDYD4PsGQ==','test','sW2CmYtCtXUKTZdI82AzNg==','2024-04-17 09:33:29'),('xmL1Hfk+fXDp6S7OD8PI0g==','test','yEZMJudcx8z/mjDKprMpZA==','2024-06-30 05:37:11'),('XOC3omPS+VoYY6KdG2BGbw==','test','A7KT11qhp9wnUMnZodCvbQ==','2024-01-22 06:38:15'),('XuMD9AnUYYiZCUvaWJNAkQ==','test','ry9S+6G53QjdTWAlSfhHRg==','2024-07-25 16:15:16'),('XY6Sv9jpJrDPFKErprMXpg==','test','0SPpzWgGGDtN8LeculR3/A==','2024-05-23 15:44:30'),('y37d7tksZZKh8LuEr6/Phg==','test','uqZNVhDYdCzHyvcXeLSKKA==','2024-07-21 03:19:43'),('y6c9zV3gOkXs2Py8q6MJ4w==','test','B4+jRoVOGDsnZBrsjDZC0A==','2024-06-30 06:00:57'),('Y6topVENginlIYEhgS8VFA==','test','6+yoYRJmpoHksmfYYv3CKA==','2024-07-16 07:31:32'),('y9FkfK0wyB/GHSDAb81LcA==','test','vXwid8ilnaTHREKA32QWZQ==','2024-07-27 07:22:36'),('YD9PbsIN36utkyPYkgXCwA==','test','VatAZyzPoeIjEgqSf1Ybwg==','2024-07-18 06:42:13'),('YFzvpUdRFmNNEHdt5AWCrQ==','test','JXoCB3wVgZI2beIcgXOKMA==','2024-07-09 05:48:02'),('yldxWG/yJB7qIDsNKf4czQ==','test','awdw4l/NuBBxoIhielhLaA==','2023-11-27 03:11:57'),('yLv0M+r43GH50jsXGuS1zQ==','test','Xh5dqxF8XSeoEh3f+8Cbpg==','2024-06-27 14:07:59'),('YnNk5y/K01EMMrgMN+ItPA==','test','hXmExeUZJYLkzm5t4ot2kA==','2024-08-18 03:49:46'),('YNw4txm8fzQy2Fy++ZwIqQ==','test','ZuvA4I7m1D70REP52ax1fw==','2024-01-05 01:12:59'),('yOv0e96vn5WfZ8r8jjMX9A==','test','/1PSepeBT3KwW2CNg349sg==','2024-06-29 15:41:56'),('Yy4gw2mpy2v8pLggGXSrvg==','test','fJJMe1pSzy3h5+ydUBX1Tw==','2024-08-28 08:40:18'),('Z52hNIYhXzST+kb5CV9fAw==','test','AVWtKx05NbDQ7Ynr+lziNQ==','2024-04-01 02:54:26'),('Z5Kulm7q4OH1na77tOJUFw==','test','oAVPGgNfz0hE8UbPRjsrjg==','2023-12-18 04:47:46'),('Zbp7RIqPkQTD9j10H6c++w==','test','YrmhO3upbE4rRxdsx2hGWQ==','2024-07-16 09:19:14'),('ZDMFqm38nLHT5LDAaTbIdQ==','test','jD2bxMYXtRhRITNimSA3MQ==','2024-08-28 07:18:46'),('ZGBAAjikuEfeW4D17A82Dw==','test','MkV64c0Vm4gGkBZbwLrcCw==','2023-11-27 09:45:01'),('zJCw2paboIf2YZj5HXw+9g==','test','0/A9sOP43j+xRbYv77IimQ==','2024-06-28 06:52:11'),('zJi6nDPXHDNHmvGHkLF0sQ==','test','sPK3y7/Si3G9R3CqbrPkWg==','2023-11-14 13:03:35'),('znVpXmFZCNv6LgOl6EZ5nA==','test','BiAZg5C543qxggHiv8wb6g==','2024-06-30 06:38:06');
/*!40000 ALTER TABLE `persistent_logins` ENABLE KEYS */;
UNLOCK TABLES;

--
-- Table structure for table `sys_authority`
--

DROP TABLE IF EXISTS `sys_authority`;
/*!40101 SET @saved_cs_client     = @@character_set_client */;
/*!50503 SET character_set_client = utf8mb4 */;
CREATE TABLE `sys_authority` (
  `authority_id` varchar(255) CHARACTER SET utf8mb3 COLLATE utf8mb3_general_ci NOT NULL COMMENT '权限id',
  `authority_name` varchar(255) CHARACTER SET utf8mb3 COLLATE utf8mb3_general_ci NOT NULL COMMENT '权限名称，ROLE_开头，全大写',
  `authority_remark` varchar(255) CHARACTER SET utf8mb3 COLLATE utf8mb3_general_ci NOT NULL COMMENT '权限描述',
  `create_time` datetime NOT NULL COMMENT '创建时间',
  `update_time` datetime NOT NULL COMMENT '修改时间',
  `authority_content` varchar(255) CHARACTER SET utf8mb3 COLLATE utf8mb3_general_ci NOT NULL COMMENT '权限内容，可访问的url，多个时用,隔开',
  PRIMARY KEY (`authority_id`) USING BTREE
) ENGINE=InnoDB DEFAULT CHARSET=utf8mb3 ROW_FORMAT=COMPACT COMMENT='系统权限表';
/*!40101 SET character_set_client = @saved_cs_client */;

--
-- Dumping data for table `sys_authority`
--

LOCK TABLES `sys_authority` WRITE;
/*!40000 ALTER TABLE `sys_authority` DISABLE KEYS */;
INSERT INTO `sys_authority` VALUES ('3fb1c570496d4c09ab99b8d31b06ccc','ROLE_USER','普通用户','2019-09-10 10:08:58','2019-09-10 10:08:58',''),('3fb1c570496d4c09ab99b8d31b06xxx','ROLE_SA','超级管理员','2019-09-10 10:08:58','2019-09-10 10:08:58','/sys/**,/logging'),('3fb1c570496d4c09ab99b8d31b06zzz','ROLE_ADMIN','管理员','2019-09-10 10:08:58','2019-09-10 10:08:58','/sys/**');
/*!40000 ALTER TABLE `sys_authority` ENABLE KEYS */;
UNLOCK TABLES;

--
-- Table structure for table `sys_file`
--

DROP TABLE IF EXISTS `sys_file`;
/*!40101 SET @saved_cs_client     = @@character_set_client */;
/*!50503 SET character_set_client = utf8mb4 */;
CREATE TABLE `sys_file` (
  `id` varchar(255) CHARACTER SET utf8mb3 COLLATE utf8mb3_general_ci NOT NULL COMMENT '表主键，附件id',
  `file_name` varchar(255) CHARACTER SET utf8mb3 COLLATE utf8mb3_general_ci DEFAULT NULL COMMENT '附件名称',
  `file_type` varchar(255) CHARACTER SET utf8mb3 COLLATE utf8mb3_general_ci DEFAULT NULL COMMENT '附件类型',
  `file_size` varchar(255) CHARACTER SET utf8mb3 COLLATE utf8mb3_general_ci DEFAULT NULL COMMENT '附件大小（MB）',
  `file_path` varchar(255) CHARACTER SET utf8mb3 COLLATE utf8mb3_general_ci DEFAULT NULL COMMENT '附件路径',
  PRIMARY KEY (`id`) USING BTREE
) ENGINE=InnoDB DEFAULT CHARSET=utf8mb3 ROW_FORMAT=COMPACT COMMENT='附件表';
/*!40101 SET character_set_client = @saved_cs_client */;

--
-- Dumping data for table `sys_file`
--

LOCK TABLES `sys_file` WRITE;
/*!40000 ALTER TABLE `sys_file` DISABLE KEYS */;
/*!40000 ALTER TABLE `sys_file` ENABLE KEYS */;
UNLOCK TABLES;

--
-- Table structure for table `sys_menu`
--

DROP TABLE IF EXISTS `sys_menu`;
/*!40101 SET @saved_cs_client     = @@character_set_client */;
/*!50503 SET character_set_client = utf8mb4 */;
CREATE TABLE `sys_menu` (
  `menu_id` varchar(255) CHARACTER SET utf8mb3 COLLATE utf8mb3_general_ci NOT NULL COMMENT '菜单id',
  `menu_name` varchar(255) CHARACTER SET utf8mb3 COLLATE utf8mb3_general_ci NOT NULL COMMENT '菜单名称',
  `menu_path` varchar(255) CHARACTER SET utf8mb3 COLLATE utf8mb3_general_ci NOT NULL COMMENT '菜单路径',
  `menu_parent_id` varchar(255) CHARACTER SET utf8mb3 COLLATE utf8mb3_general_ci DEFAULT NULL COMMENT '上级id',
  `sort_weight` int DEFAULT NULL COMMENT '同级排序权重：0-10',
  `create_time` datetime NOT NULL COMMENT '创建时间',
  `update_time` datetime NOT NULL COMMENT '修改时间',
  PRIMARY KEY (`menu_id`) USING BTREE
) ENGINE=InnoDB DEFAULT CHARSET=utf8mb3 ROW_FORMAT=COMPACT COMMENT='系统菜单表';
/*!40101 SET character_set_client = @saved_cs_client */;

--
-- Dumping data for table `sys_menu`
--

LOCK TABLES `sys_menu` WRITE;
/*!40000 ALTER TABLE `sys_menu` DISABLE KEYS */;
INSERT INTO `sys_menu` VALUES ('0cef3d1976ef429287106e0eb828d7de','测试方案库','/testscheme/scheme','38834c7b81a34a5cb39e194492c53f39',3,'2023-10-01 14:54:07','2023-10-19 14:34:03'),('1e91e9b75fbe41388f7afeb4db2f1d18','一键测试','/oneclick/testing','38834c7b81a34a5cb39e194492c53f39',4,'2023-10-19 14:33:34','2024-07-08 13:45:23'),('20962aed2d9b4d529a4d954564ac89c5','场景运行','/scene/run','d09068ed1a6c480d9f5e4a47e275e852',1,'2023-10-01 14:56:22','2023-10-01 14:56:22'),('223d07564baf43cfadc1b2ea7bdfacc3','oneclick_model_upload','/oneclick/model_upload','38834c7b81a34a5cb39e194492c53f39',6,'2024-07-29 23:43:36','2024-07-29 23:47:33'),('2ed495f9c19944e48e7e05e6ef3f8f5a','数据上传','/upload/method','38834c7b81a34a5cb39e194492c53f39',1,'2023-10-01 14:22:32','2023-10-12 13:54:10'),('35cb950cebb04bb18bb1d8b742a02005','XXX菜单','/xxx','',1,'2019-09-11 18:05:21','2019-09-11 18:05:21'),('35cb950cebb04bb18bb1d8b742a02xaa','权限管理','/sys/sysAuthority/authority','35cb950cebb04bb18bb1d8b742a02xxx',1,'2019-09-10 10:08:58','2019-09-10 10:08:58'),('35cb950cebb04bb18bb1d8b742a02xcc','菜单管理','/sys/sysMenu/menu','35cb950cebb04bb18bb1d8b742a02xxx',2,'2019-09-10 10:08:58','2019-09-10 10:08:58'),('35cb950cebb04bb18bb1d8b742a02xxx','系统管理','/sys','',0,'2019-09-10 10:08:58','2019-09-10 10:08:58'),('35cb950cebb04bb18bb1d8b742a02xzz','用户管理','/sys/sysUser/user','35cb950cebb04bb18bb1d8b742a02xxx',3,'2019-09-10 10:08:58','2019-09-10 10:08:58'),('38834c7b81a34a5cb39e194492c53f39','算法平台','/ai/platform','35cb950cebb04bb18bb1d8b742a02xxx',1,'2023-10-01 14:18:41','2023-10-01 14:20:52'),('4a4edd4a1a6a4611ae85eaf780336248','数据集切割','/delete/datasetfile','38834c7b81a34a5cb39e194492c53f39',5,'2024-07-08 13:46:41','2024-07-09 09:37:13'),('51f039b4b0194c679f6624fbad46b43b','oneclick_dataset_upload','/oneclick/dataset_upload','38834c7b81a34a5cb39e194492c53f39',6,'2024-07-29 23:46:27','2024-07-29 23:47:25'),('54ad1ba58d0c4f4ab3ce2067e6bfd5a2','modeltable','/oneclick/modeltable','38834c7b81a34a5cb39e194492c53f39',5,'2024-07-28 00:36:37','2024-07-29 23:24:05'),('551535df346741198c5fc1b1c26022de','数据集增广','/dataset/increase','38834c7b81a34a5cb39e194492c53f39',2,'2023-10-12 13:55:51','2023-10-19 14:33:56'),('74315e162f524a4d88aa931f02416f26','实时监控','/monitor','35cb950cebb04bb18bb1d8b742a02xxx',4,'2020-06-10 15:07:07','2020-06-10 15:07:07'),('78fb15a19e894777afbc239d574da423','yyy菜单','','',2,'2020-10-16 13:04:41','2020-10-16 13:04:41'),('914aa22c78af4327822061f3eada4067','实时日志','/logging','35cb950cebb04bb18bb1d8b742a02xxx',5,'2019-09-11 11:19:52','2019-09-11 11:19:52'),('bcf17dc0ce304f0ba02d64ce21ddb4f9','系统设置','/sys/sysSetting/setting','35cb950cebb04bb18bb1d8b742a02xxx',0,'2019-09-17 10:46:11','2019-09-17 10:46:11'),('d09068ed1a6c480d9f5e4a47e275e852','ADAS','/adas','35cb950cebb04bb18bb1d8b742a02xxx',1,'2023-10-01 14:56:00','2023-10-01 14:56:00'),('d6d8b301316b43f2a9fb33caf1286376','新增测试','/aa','35cb950cebb04bb18bb1d8b742a02xxx',6,'2020-10-30 17:02:15','2020-10-30 17:02:15'),('f1b5d1efd28549dfa23d39df2b9ffb35','datasettable','/oneclick/dataset','38834c7b81a34a5cb39e194492c53f39',5,'2024-07-28 00:35:55','2024-07-29 23:22:27'),('f915becdf5864c978a9b1425ff1e648a','场景还原','/scene/scenario_editor','d09068ed1a6c480d9f5e4a47e275e852',2,'2023-12-02 21:23:11','2023-12-02 21:23:11');
/*!40000 ALTER TABLE `sys_menu` ENABLE KEYS */;
UNLOCK TABLES;

--
-- Table structure for table `sys_setting`
--

DROP TABLE IF EXISTS `sys_setting`;
/*!40101 SET @saved_cs_client     = @@character_set_client */;
/*!50503 SET character_set_client = utf8mb4 */;
CREATE TABLE `sys_setting` (
  `id` varchar(255) CHARACTER SET utf8mb3 COLLATE utf8mb3_general_ci NOT NULL COMMENT '表id',
  `sys_name` varchar(255) CHARACTER SET utf8mb3 COLLATE utf8mb3_general_ci DEFAULT NULL COMMENT '系统名称',
  `sys_logo` varchar(255) CHARACTER SET utf8mb3 COLLATE utf8mb3_general_ci DEFAULT NULL COMMENT '系统logo图标',
  `sys_bottom_text` varchar(255) CHARACTER SET utf8mb3 COLLATE utf8mb3_general_ci DEFAULT NULL COMMENT '系统底部信息',
  `sys_notice_text` longtext CHARACTER SET utf8mb3 COLLATE utf8mb3_general_ci COMMENT '系统公告',
  `create_time` datetime DEFAULT NULL COMMENT '创建时间',
  `update_time` datetime DEFAULT NULL COMMENT '修改时间',
  `user_init_password` varchar(255) CHARACTER SET utf8mb3 COLLATE utf8mb3_general_ci DEFAULT NULL COMMENT '用户管理：初始、重置密码',
  `sys_color` varchar(255) CHARACTER SET utf8mb3 COLLATE utf8mb3_general_ci DEFAULT NULL COMMENT '系统颜色',
  `sys_api_encrypt` char(1) CHARACTER SET utf8mb3 COLLATE utf8mb3_general_ci DEFAULT NULL COMMENT 'API加密 Y/N',
  `sys_open_api_limiter_encrypt` char(1) CHARACTER SET utf8mb3 COLLATE utf8mb3_general_ci DEFAULT NULL COMMENT 'OpenAPI限流 Y/N',
  `sys_check_pwd_encrypt` char(1) CHARACTER SET utf8mb3 COLLATE utf8mb3_general_ci DEFAULT NULL COMMENT '密码安全策略 Y/N',
  PRIMARY KEY (`id`) USING BTREE
) ENGINE=InnoDB DEFAULT CHARSET=utf8mb3 ROW_FORMAT=COMPACT COMMENT='系统设置表';
/*!40101 SET character_set_client = @saved_cs_client */;

--
-- Dumping data for table `sys_setting`
--

LOCK TABLES `sys_setting` WRITE;
/*!40000 ALTER TABLE `sys_setting` DISABLE KEYS */;
INSERT INTO `sys_setting` VALUES ('1','测试工具平台','https://img2.baidu.com/it/u=2048195462,703560066&fm=253&fmt=auto&app=138&f=JPEG?w=500&h=333','© 2021 - 2023  Base Admin','<h1 style=\"white-space: normal; text-align: center;\"><span style=\"color: rgb(255, 0, 0);\">通知</span></h1><p style=\"white-space: normal;\"><span style=\"color: rgb(255, 0, 0);\">1、开心工作；</span></p><p style=\"white-space: normal;\"><br/></p>','2019-09-17 10:15:38','2023-10-01 14:16:29','123456','rgba(0,0,0,1)','N','N','Y');
/*!40000 ALTER TABLE `sys_setting` ENABLE KEYS */;
UNLOCK TABLES;

--
-- Table structure for table `sys_shortcut_menu`
--

DROP TABLE IF EXISTS `sys_shortcut_menu`;
/*!40101 SET @saved_cs_client     = @@character_set_client */;
/*!50503 SET character_set_client = utf8mb4 */;
CREATE TABLE `sys_shortcut_menu` (
  `shortcut_menu_id` varchar(255) CHARACTER SET utf8mb3 COLLATE utf8mb3_general_ci NOT NULL COMMENT '用户快捷菜单id',
  `shortcut_menu_name` varchar(255) CHARACTER SET utf8mb3 COLLATE utf8mb3_general_ci NOT NULL COMMENT '用户快捷菜单名称',
  `shortcut_menu_path` varchar(255) CHARACTER SET utf8mb3 COLLATE utf8mb3_general_ci NOT NULL COMMENT '用户快捷菜单路径',
  `user_id` varchar(255) CHARACTER SET utf8mb3 COLLATE utf8mb3_general_ci NOT NULL COMMENT '用户id',
  `shortcut_menu_parent_id` varchar(255) CHARACTER SET utf8mb3 COLLATE utf8mb3_general_ci DEFAULT NULL COMMENT '上级id',
  `sort_weight` int DEFAULT NULL COMMENT '同级排序权重：0-10',
  `create_time` datetime NOT NULL COMMENT '创建时间',
  `update_time` datetime NOT NULL COMMENT '修改时间',
  PRIMARY KEY (`shortcut_menu_id`) USING BTREE
) ENGINE=InnoDB DEFAULT CHARSET=utf8mb3 ROW_FORMAT=COMPACT COMMENT='用户快捷菜单表';
/*!40101 SET character_set_client = @saved_cs_client */;

--
-- Dumping data for table `sys_shortcut_menu`
--

LOCK TABLES `sys_shortcut_menu` WRITE;
/*!40000 ALTER TABLE `sys_shortcut_menu` DISABLE KEYS */;
INSERT INTO `sys_shortcut_menu` VALUES ('104370a3fa7948bab156afd4a5f2a730','个性化菜单','','1','',0,'2019-09-12 18:35:13','2019-09-12 18:35:13'),('72d94b41b9994038bd2f2135a1de28d8','快捷菜单','','b5ac62e154964151a19c565346bb354a','',0,'2019-09-17 14:36:28','2019-09-17 14:36:28'),('88353f04ad5d47b182c984bfbb1693cc','ggg','/xxx','b5ac62e154964151a19c565346bb354a','72d94b41b9994038bd2f2135a1de28d8',0,'2019-09-17 14:36:50','2019-09-17 14:36:50'),('bd36d4507327434eb57b67b21343246f','腾讯云','https://cloud.tencent.com/','1','104370a3fa7948bab156afd4a5f2a730',0,'2020-10-15 18:42:39','2020-12-31 14:44:18'),('c309dafafe964a9d8de021b0da193bad','啊啊啊','/aaa','1','db234c8f4fad4b0c9a4522e872c0f588',0,'2020-10-16 10:20:20','2020-10-16 10:20:20'),('cf78ced9ce7b480c85812540d1936145','百度','https://www.baidu.com','1','104370a3fa7948bab156afd4a5f2a730',2,'2019-09-12 18:35:39','2020-12-31 14:44:27'),('cf78ced9ce7b480c85fd2540d1936145','阿里云','https://www.aliyun.com/','1','104370a3fa7948bab156afd4a5f2a730',1,'2019-09-12 18:35:39','2020-12-31 14:44:23'),('db234c8f4fad4b0c9a4522e872c0f588','菜单2','','1','',1,'2020-10-16 10:20:02','2020-10-16 10:20:02');
/*!40000 ALTER TABLE `sys_shortcut_menu` ENABLE KEYS */;
UNLOCK TABLES;

--
-- Table structure for table `sys_user`
--

DROP TABLE IF EXISTS `sys_user`;
/*!40101 SET @saved_cs_client     = @@character_set_client */;
/*!50503 SET character_set_client = utf8mb4 */;
CREATE TABLE `sys_user` (
  `user_id` varchar(255) CHARACTER SET utf8mb3 COLLATE utf8mb3_general_ci NOT NULL COMMENT '用户id',
  `login_name` varchar(255) CHARACTER SET utf8mb3 COLLATE utf8mb3_general_ci NOT NULL COMMENT '登录名',
  `user_name` varchar(255) CHARACTER SET utf8mb3 COLLATE utf8mb3_general_ci NOT NULL COMMENT '用户名称',
  `password` varchar(255) CHARACTER SET utf8mb3 COLLATE utf8mb3_general_ci NOT NULL COMMENT '登录密码',
  `valid` char(1) CHARACTER SET utf8mb3 COLLATE utf8mb3_general_ci NOT NULL COMMENT '软删除标识，Y/N',
  `limited_ip` varchar(255) CHARACTER SET utf8mb3 COLLATE utf8mb3_general_ci DEFAULT NULL COMMENT '限制允许登录的IP集合',
  `expired_time` datetime DEFAULT NULL COMMENT '账号失效时间，超过时间将不能登录系统',
  `last_change_pwd_time` datetime NOT NULL COMMENT '最近修改密码时间，超出时间间隔，提示用户修改密码',
  `last_login_time` datetime NOT NULL COMMENT '最近登录时间，最后活跃时间',
  `limit_multi_login` char(1) CHARACTER SET utf8mb3 COLLATE utf8mb3_general_ci NOT NULL COMMENT '是否允许账号同一个时刻多人在线，Y/N',
  `create_time` datetime NOT NULL COMMENT '创建时间',
  `update_time` datetime NOT NULL COMMENT '修改时间',
  PRIMARY KEY (`user_id`) USING BTREE
) ENGINE=InnoDB DEFAULT CHARSET=utf8mb3 ROW_FORMAT=COMPACT COMMENT='系统用户表';
/*!40101 SET character_set_client = @saved_cs_client */;

--
-- Dumping data for table `sys_user`
--

LOCK TABLES `sys_user` WRITE;
/*!40000 ALTER TABLE `sys_user` DISABLE KEYS */;
INSERT INTO `sys_user` VALUES ('0aef144e60b04b6ba497a48d2d252d54','test','test','E10ADC3949BA59ABBE56E057F20F883E','Y','','2030-07-02 00:00:00','2024-07-02 18:37:49','2025-03-14 11:18:46','Y','2024-07-02 18:37:49','2024-07-08 13:47:14'),('1','sa','超级管理员','E10ADC3949BA59ABBE56E057F20F883E','Y','',NULL,'2019-09-17 12:00:36','2019-09-17 12:00:36','Y','2019-07-19 16:36:03','2019-09-17 12:00:36'),('2','admin','管理员','E10ADC3949BA59ABBE56E057F20F883E','Y','',NULL,'2019-09-17 12:00:36','2024-07-29 23:53:10','N','2019-07-19 16:36:03','2019-09-12 16:14:28'),('3fb1c570496d4c09ab99b8d31b0671cf','daji','妲己','E10ADC3949BA59ABBE56E057F20F883E','Y','',NULL,'2019-09-17 12:00:36','2019-09-17 12:00:36','Y','2019-09-11 18:11:41','2019-09-17 12:09:47'),('b5ac62e154964151a19c565346bb354a','xiaofang','小芳','96E79218965EB72C92A549DD5A330112','Y','',NULL,'2019-09-17 12:00:36','2019-09-17 12:00:36','N','2019-09-17 14:12:41','2019-09-17 14:28:57');
/*!40000 ALTER TABLE `sys_user` ENABLE KEYS */;
UNLOCK TABLES;

--
-- Table structure for table `sys_user_authority`
--

DROP TABLE IF EXISTS `sys_user_authority`;
/*!40101 SET @saved_cs_client     = @@character_set_client */;
/*!50503 SET character_set_client = utf8mb4 */;
CREATE TABLE `sys_user_authority` (
  `user_authority_id` varchar(255) CHARACTER SET utf8mb3 COLLATE utf8mb3_general_ci NOT NULL COMMENT '用户权限表id',
  `user_id` varchar(255) CHARACTER SET utf8mb3 COLLATE utf8mb3_general_ci NOT NULL COMMENT '用户id',
  `authority_id` varchar(255) CHARACTER SET utf8mb3 COLLATE utf8mb3_general_ci NOT NULL COMMENT '权限id',
  `create_time` datetime NOT NULL COMMENT '创建时间',
  `update_time` datetime NOT NULL COMMENT '修改时间',
  PRIMARY KEY (`user_authority_id`) USING BTREE
) ENGINE=InnoDB DEFAULT CHARSET=utf8mb3 ROW_FORMAT=COMPACT COMMENT='用户权限表';
/*!40101 SET character_set_client = @saved_cs_client */;

--
-- Dumping data for table `sys_user_authority`
--

LOCK TABLES `sys_user_authority` WRITE;
/*!40000 ALTER TABLE `sys_user_authority` DISABLE KEYS */;
INSERT INTO `sys_user_authority` VALUES ('0dc1b156ed544c0986823e9cd818da08','2','3fb1c570496d4c09ab99b8d31b06ccc','2019-09-12 16:14:28','2019-09-12 16:14:28'),('2fe9ba1837104f34a9ff346d21fb0458','0aef144e60b04b6ba497a48d2d252d54','3fb1c570496d4c09ab99b8d31b06zzz','2024-07-08 13:47:14','2024-07-08 13:47:14'),('90c18739f3ad41ae8010f6c2b7eeaac5','3fb1c570496d4c09ab99b8d31b0671cf','3fb1c570496d4c09ab99b8d31b06ccc','2019-09-17 12:09:47','2019-09-17 12:09:47'),('9ca34956ceae4af0a74f4931344e9d1b','1','3fb1c570496d4c09ab99b8d31b06ccc','2019-09-17 12:00:37','2019-09-17 12:00:37'),('a414567aaae54b42b8344da02795cb91','2','3fb1c570496d4c09ab99b8d31b06zzz','2019-09-12 16:14:28','2019-09-12 16:14:28'),('ab3b99dad24e4386ad14227ca60428fb','0aef144e60b04b6ba497a48d2d252d54','3fb1c570496d4c09ab99b8d31b06xxx','2024-07-08 13:47:14','2024-07-08 13:47:14'),('b34f7092406c46189fee2690d9f6e493','1','3fb1c570496d4c09ab99b8d31b06xxx','2019-09-17 12:00:37','2019-09-17 12:00:37'),('b71549b9682846719becd92e11a0533b','0aef144e60b04b6ba497a48d2d252d54','3fb1c570496d4c09ab99b8d31b06ccc','2024-07-08 13:47:14','2024-07-08 13:47:14'),('de60e5bbbacf4c739e44a60130d0f534','b5ac62e154964151a19c565346bb354a','3fb1c570496d4c09ab99b8d31b06ccc','2019-09-17 14:28:58','2019-09-17 14:28:58'),('f6514b57d1524afd8dfa7cb2c3ca6a11','1','3fb1c570496d4c09ab99b8d31b06zzz','2019-09-17 12:00:37','2019-09-17 12:00:37');
/*!40000 ALTER TABLE `sys_user_authority` ENABLE KEYS */;
UNLOCK TABLES;

--
-- Table structure for table `sys_user_menu`
--

DROP TABLE IF EXISTS `sys_user_menu`;
/*!40101 SET @saved_cs_client     = @@character_set_client */;
/*!50503 SET character_set_client = utf8mb4 */;
CREATE TABLE `sys_user_menu` (
  `user_menu_id` varchar(255) CHARACTER SET utf8mb3 COLLATE utf8mb3_general_ci NOT NULL COMMENT '用户菜单表id',
  `user_id` varchar(255) CHARACTER SET utf8mb3 COLLATE utf8mb3_general_ci NOT NULL COMMENT '用户id',
  `menu_id` varchar(255) CHARACTER SET utf8mb3 COLLATE utf8mb3_general_ci NOT NULL COMMENT '菜单id',
  `create_time` datetime NOT NULL COMMENT '创建时间',
  `update_time` datetime NOT NULL COMMENT '修改时间',
  PRIMARY KEY (`user_menu_id`) USING BTREE
) ENGINE=InnoDB DEFAULT CHARSET=utf8mb3 ROW_FORMAT=COMPACT COMMENT='用户菜单表';
/*!40101 SET character_set_client = @saved_cs_client */;

--
-- Dumping data for table `sys_user_menu`
--

LOCK TABLES `sys_user_menu` WRITE;
/*!40000 ALTER TABLE `sys_user_menu` DISABLE KEYS */;
INSERT INTO `sys_user_menu` VALUES ('1337996a0aba460bbf0b82db9a1da207','1','35cb950cebb04bb18bb1d8b742a02xxx','2020-06-10 15:07:23','2020-06-10 15:07:23'),('3232782f25ec44b09438ab9805b85f83','2','35cb950cebb04bb18bb1d8b742a02xcc','2019-09-12 16:14:28','2019-09-12 16:14:28'),('39d6a157972e400fabcd753d3766efc9','1','35cb950cebb04bb18bb1d8b742a02xaa','2020-06-10 15:07:23','2020-06-10 15:07:23'),('3b0a160e8c624b2f86918afcd5107704','1','35cb950cebb04bb18bb1d8b742a02xcc','2020-06-10 15:07:23','2020-06-10 15:07:23'),('57791437b9774d8abf74562a49c55a1a','2','35cb950cebb04bb18bb1d8b742a02xxx','2019-09-12 16:14:28','2019-09-12 16:14:28'),('5f579044de2445618ae17312438700d1','0aef144e60b04b6ba497a48d2d252d54','1e91e9b75fbe41388f7afeb4db2f1d18','2024-07-08 13:47:14','2024-07-08 13:47:14'),('6afadafdc36c426182853761bf68d870','1','74315e162f524a4d88aa931f02416f26','2020-06-10 15:07:23','2020-06-10 15:07:23'),('6e8fe2b9307a4855ba7d006dc17c97ae','3fb1c570496d4c09ab99b8d31b0671cf','35cb950cebb04bb18bb1d8b742a02005','2019-09-17 12:09:47','2019-09-17 12:09:47'),('81f4999dde514e0ea43acfc70bfd35a8','1','914aa22c78af4327822061f3eada4067','2020-06-10 15:07:23','2020-06-10 15:07:23'),('9f8ccddc9fa84e0b9ff74128d20e9024','2','35cb950cebb04bb18bb1d8b742a02xaa','2019-09-12 16:14:28','2019-09-12 16:14:28'),('aa7aff9948b34d37ae5fb098e170123a','0aef144e60b04b6ba497a48d2d252d54','0cef3d1976ef429287106e0eb828d7de','2024-07-08 13:47:14','2024-07-08 13:47:14'),('b69182a759314c43a521fd7a9d17ffb5','0aef144e60b04b6ba497a48d2d252d54','35cb950cebb04bb18bb1d8b742a02xxx','2024-07-08 13:47:14','2024-07-08 13:47:14'),('c4220e4602fd4f2ca70da046466c6b45','2','35cb950cebb04bb18bb1d8b742a02xzz','2019-09-12 16:14:28','2019-09-12 16:14:28'),('cad9d9b6e1ff4d07aaf4556eef209f23','0aef144e60b04b6ba497a48d2d252d54','38834c7b81a34a5cb39e194492c53f39','2024-07-08 13:47:14','2024-07-08 13:47:14'),('cdf8f786c658437ba77eb7d7fdd6b9cb','1','35cb950cebb04bb18bb1d8b742a02xzz','2020-06-10 15:07:23','2020-06-10 15:07:23'),('d646090ba4114c85b0a2fc2c9082a188','1','bcf17dc0ce304f0ba02d64ce21ddb4f9','2020-06-10 15:07:23','2020-06-10 15:07:23'),('d8bfa6eb34ef4946bb2cd1b9c0dbac0d','b5ac62e154964151a19c565346bb354a','35cb950cebb04bb18bb1d8b742a02005','2019-09-17 14:28:58','2019-09-17 14:28:58'),('dbecc89928314d38a81a8f36e1724953','0aef144e60b04b6ba497a48d2d252d54','2ed495f9c19944e48e7e05e6ef3f8f5a','2024-07-08 13:47:14','2024-07-08 13:47:14'),('ebc1c2d8bd2f44d3893a8f10bc5b5d8a','0aef144e60b04b6ba497a48d2d252d54','4a4edd4a1a6a4611ae85eaf780336248','2024-07-08 13:47:14','2024-07-08 13:47:14'),('ed15e694be7d4eae8cc47abbfb396f11','0aef144e60b04b6ba497a48d2d252d54','551535df346741198c5fc1b1c26022de','2024-07-08 13:47:14','2024-07-08 13:47:14'),('f896b3603ec54b1b9b11c969ead0484c','0aef144e60b04b6ba497a48d2d252d54','914aa22c78af4327822061f3eada4067','2024-07-08 13:47:14','2024-07-08 13:47:14');
/*!40000 ALTER TABLE `sys_user_menu` ENABLE KEYS */;
UNLOCK TABLES;

--
-- Table structure for table `test_sqlmodel`
--

DROP TABLE IF EXISTS `test_sqlmodel`;
/*!40101 SET @saved_cs_client     = @@character_set_client */;
/*!50503 SET character_set_client = utf8mb4 */;
CREATE TABLE `test_sqlmodel` (
  `id` int unsigned NOT NULL AUTO_INCREMENT COMMENT 'id',
  `user_id` int DEFAULT NULL COMMENT 'user_id',
  `name` varchar(255) CHARACTER SET utf8mb3 COLLATE utf8mb3_general_ci DEFAULT NULL COMMENT 'name',
  `age` varchar(150) CHARACTER SET utf8mb3 COLLATE utf8mb3_general_ci DEFAULT NULL COMMENT 'age',
  PRIMARY KEY (`id`) USING BTREE
) ENGINE=InnoDB AUTO_INCREMENT=18 DEFAULT CHARSET=utf8mb3 ROW_FORMAT=COMPACT COMMENT='test_sqlmodel';
/*!40101 SET character_set_client = @saved_cs_client */;

--
-- Dumping data for table `test_sqlmodel`
--

LOCK TABLES `test_sqlmodel` WRITE;
/*!40000 ALTER TABLE `test_sqlmodel` DISABLE KEYS */;
INSERT INTO `test_sqlmodel` VALUES (4,4,'world','48'),(5,5,'芙兰朵露','49'),(6,5,'芙兰朵露','49'),(7,5,'芙兰朵露','49'),(8,9,'琪露诺','181'),(9,10,'十六夜咲夜','195'),(10,9,'琪露诺','181'),(11,10,'十六夜咲夜','195'),(12,9,'琪露诺','181'),(13,10,'十六夜咲夜','195'),(14,9,'琪露诺','181'),(15,10,'十六夜咲夜','195'),(16,9,'琪露诺','181'),(17,10,'十六夜咲夜','195');
/*!40000 ALTER TABLE `test_sqlmodel` ENABLE KEYS */;
UNLOCK TABLES;

--
-- Table structure for table `test_user`
--

DROP TABLE IF EXISTS `test_user`;
/*!40101 SET @saved_cs_client     = @@character_set_client */;
/*!50503 SET character_set_client = utf8mb4 */;
CREATE TABLE `test_user` (
  `user_id` varchar(255) CHARACTER SET utf8mb3 COLLATE utf8mb3_general_ci NOT NULL COMMENT '用户id',
  `login_name` varchar(255) CHARACTER SET utf8mb3 COLLATE utf8mb3_general_ci NOT NULL COMMENT '登录名',
  `user_name` varchar(255) CHARACTER SET utf8mb3 COLLATE utf8mb3_general_ci NOT NULL COMMENT '用户名称',
  `password` varchar(255) CHARACTER SET utf8mb3 COLLATE utf8mb3_general_ci NOT NULL COMMENT '登录密码',
  `valid` char(1) CHARACTER SET utf8mb3 COLLATE utf8mb3_general_ci NOT NULL COMMENT '软删除标识，Y/N',
  `limited_ip` varchar(255) CHARACTER SET utf8mb3 COLLATE utf8mb3_general_ci DEFAULT NULL COMMENT '限制允许登录的IP集合',
  `expired_time` datetime DEFAULT NULL COMMENT '账号失效时间，超过时间将不能登录系统',
  `last_change_pwd_time` datetime NOT NULL COMMENT '最近修改密码时间，超出时间间隔，提示用户修改密码',
  `last_login_time` datetime NOT NULL COMMENT '最近登录时间，最后活跃时间',
  `limit_multi_login` char(1) CHARACTER SET utf8mb3 COLLATE utf8mb3_general_ci NOT NULL COMMENT '是否允许账号同一个时刻多人在线，Y/N',
  `create_time` datetime NOT NULL COMMENT '创建时间',
  `update_time` datetime NOT NULL COMMENT '修改时间',
  PRIMARY KEY (`user_id`) USING BTREE
) ENGINE=InnoDB DEFAULT CHARSET=utf8mb3 ROW_FORMAT=COMPACT COMMENT='测试用户表';
/*!40101 SET character_set_client = @saved_cs_client */;

--
-- Dumping data for table `test_user`
--

LOCK TABLES `test_user` WRITE;
/*!40000 ALTER TABLE `test_user` DISABLE KEYS */;
INSERT INTO `test_user` VALUES ('1','sa','超级管理员','E10ADC3949BA59ABBE56E057F20F883E','Y','',NULL,'2019-09-17 12:00:36','2019-09-17 12:00:36','Y','2019-07-19 16:36:03','2019-09-17 12:00:36');
/*!40000 ALTER TABLE `test_user` ENABLE KEYS */;
UNLOCK TABLES;
/*!40103 SET TIME_ZONE=@OLD_TIME_ZONE */;

/*!40101 SET SQL_MODE=@OLD_SQL_MODE */;
/*!40014 SET FOREIGN_KEY_CHECKS=@OLD_FOREIGN_KEY_CHECKS */;
/*!40014 SET UNIQUE_CHECKS=@OLD_UNIQUE_CHECKS */;
/*!40101 SET CHARACTER_SET_CLIENT=@OLD_CHARACTER_SET_CLIENT */;
/*!40101 SET CHARACTER_SET_RESULTS=@OLD_CHARACTER_SET_RESULTS */;
/*!40101 SET COLLATION_CONNECTION=@OLD_COLLATION_CONNECTION */;
/*!40111 SET SQL_NOTES=@OLD_SQL_NOTES */;

-- Dump completed on 2025-03-14 11:29:07
